id,brand,store_name,county,district,address,lat,lng,source,updated_at
KLD001,50嵐,基隆廟口店,基隆,仁愛區,基隆市仁愛區愛四路1號,,,manual,2026-07-18
KLD002,50嵐,基隆深溪店,基隆,信義區,基隆市信義區深溪路128號,,,manual,2026-07-18
KLD003,清心福全,百三店,基隆,七堵區,基隆市七堵區百三街44號,,,manual,2026-07-18
KLD004,清心福全,明德店,基隆,七堵區,基隆市七堵區明德一路117號,,,manual,2026-07-18
KLD005,清心福全,安一店,基隆,中山區,基隆市中山區安一路66號,,,manual,2026-07-18
KLD006,清心福全,中華店,基隆,中山區,基隆市中山區中華路5巷12號,,,manual,2026-07-18
KLD007,清心福全,復興店,基隆,中山區,基隆市中山區復興路160號,,,manual,2026-07-18
KLD008,清心福全,海大店,基隆,中正區,基隆市中正區中正路782號,,,manual,2026-07-18
KLD009,清心福全,中船店,基隆,中正區,基隆市中正區中船路88號,,,manual,2026-07-18
KLD010,清心福全,義一店,基隆,中正區,基隆市中正區義一路12號,,,manual,2026-07-18
KLD011,清心福全,仁四店,基隆,仁愛區,基隆市仁愛區仁四路58號,,,manual,2026-07-18
KLD012,清心福全,孝三店,基隆,仁愛區,基隆市仁愛區忠二路39號,,,manual,2026-07-18
KLD013,清心福全,深溪店,基隆,信義區,基隆市信義區深溪路106號,,,manual,2026-07-18
KLD014,清心福全,暖暖店,基隆,暖暖區,基隆市暖暖區東勢街1-15號,,,manual,2026-07-18
KLD015,清心福全,麥金店,基隆,安樂區,基隆市安樂區麥金路202號,,,manual,2026-07-18
KLD016,CoCo都可,基隆廟口店,基隆,仁愛區,基隆市仁愛區愛三路28號,,,manual,2026-07-18
KLD017,CoCo都可,成功店,基隆,仁愛區,基隆市仁愛區成功一路130號,,,manual,2026-07-18
KLD018,CoCo都可,復興店,基隆,中山區,基隆市中山區復興路156號,,,manual,2026-07-18
KLD019,CoCo都可,中船店,基隆,中正區,基隆市中正區中船路60號1樓,,,manual,2026-07-18
KLD020,CoCo都可,海豐店,基隆,中正區,基隆市中正區新豐街306號,,,manual,2026-07-18
KLD021,CoCo都可,七堵店,基隆,七堵區,基隆市七堵區明德一路196號,,,manual,2026-07-18
KLD022,CoCo都可,百福店,基隆,七堵區,基隆市七堵區百三街60號,,,manual,2026-07-18
KLD023,CoCo都可,武崙店,基隆,安樂區,基隆市安樂區基金一路135巷21弄1號B1之6,,,manual,2026-07-18
KLD024,CoCo都可,暖暖店,基隆,暖暖區,基隆市暖暖區源遠路165之10號,,,manual,2026-07-18
KLD025,迷客夏,基隆廟口店,基隆,仁愛區,基隆市仁愛區仁三路80號1樓,,,manual,2026-07-18
KLD026,麻古茶坊,基隆仁三店,基隆,仁愛區,基隆市仁愛區仁三路47號,,,manual,2026-07-18
KLD027,茶聚,七堵百福店,基隆,七堵區,基隆市七堵區百三街32號,,,manual,2026-07-18
KLD028,茶聚,基隆仁二店,基隆,仁愛區,基隆市仁愛區仁二路99號,,,manual,2026-07-18
KLD029,茶聚,基隆孝三店,基隆,仁愛區,基隆市仁愛區孝三路96號,,,manual,2026-07-18
KLD030,COMEBUY,基隆廟口店,基隆,仁愛區,基隆市仁愛區愛四路22號,,,manual,2026-07-18
KLD031,COMEBUY,基隆七堵店,基隆,七堵區,基隆市七堵區自治北街2號,,,manual,2026-07-18
KLD032,COMEBUY,基隆安一店,基隆,安樂區,基隆市安樂區安一路104號,,,manual,2026-07-18
KLD033,COMEBUY,基隆暖暖店,基隆,暖暖區,基隆市暖暖區東勢街1-19號,,,manual,2026-07-18
KLD034,COMEBUY,基隆新豐店,基隆,中正區,基隆市中正區新豐街365號,,,manual,2026-07-18
KLD035,COMEBUY,海洋大學店,基隆,中正區,基隆市中正區北寧路2號,,,manual,2026-07-18
KLD036,茶湯會,基隆廟口店,基隆,仁愛區,基隆市仁愛區愛三路26號,,,manual,2026-07-18
KLD037,大苑子,基隆義二店,基隆,中正區,基隆市中正區義二路27號,,,manual,2026-07-18
KLD038,可不可熟成紅茶,基隆孝一店,基隆,仁愛區,基隆市仁愛區孝一路65號,,,manual,2026-07-18
KLD039,可不可熟成紅茶,基隆深溪店,基隆,信義區,基隆市信義區深溪路121號,,,manual,2026-07-18
KLD040,五桐號,基隆仁三店,基隆,仁愛區,基隆市仁愛區仁三路78號,,,manual,2026-07-18
KLD041,龜記茗品,基隆廟口店,基隆,仁愛區,基隆市仁愛區愛三路68號1樓,,,manual,2026-07-18
KLD042,珍煮丹,基隆義二店,基隆,中正區,基隆市中正區義二路14號1樓,,,manual,2026-07-18
KLD043,日出茶太,基隆百福店,基隆,七堵區,基隆市七堵區福三街41號,,,manual,2026-07-18
TPD044,50嵐,伊通店,台北,中山區,台北市中山區伊通街66-2號,,,manual,2026-07-18
TPD045,50嵐,南西店,台北,中山區,台北市中山區南京西路12巷3號,,,manual,2026-07-18
TPD046,50嵐,合江店,台北,中山區,台北市中山區合江街111號,,,manual,2026-07-18
TPD047,50嵐,吉林店,台北,中山區,台北市中山區吉林路185號,,,manual,2026-07-18
TPD048,50嵐,雙連店,台北,中山區,台北市中山區錦西街14號,,,manual,2026-07-18
TPD049,50嵐,遼寧店,台北,中山區,台北市中山區遼寧街28號,,,manual,2026-07-18
TPD050,50嵐,大直北安店,台北,中山區,台北市中山區北安路571-3號,,,manual,2026-07-18
TPD051,50嵐,實踐店,台北,中山區,台北市中山區大直街51號,,,manual,2026-07-18
TPD052,50嵐,R79店,台北,中山區,台北市中山區南京西路16號（中山地下街B41櫃位）,,,manual,2026-07-18
TPD053,清心福全,長春二店,台北,中山區,台北市中山區長春路120號,,,manual,2026-07-18
TPD054,清心福全,新長春店,台北,中山區,台北市中山區長春路354號,,,manual,2026-07-18
TPD055,清心福全,德惠店,台北,中山區,台北市中山區吉林路423號,,,manual,2026-07-18
TPD056,清心福全,松江店,台北,中山區,台北市中山區錦州街247-1號,,,manual,2026-07-18
TPD057,清心福全,光華店,台北,中山區,台北市中山區長安東路二段46號,,,manual,2026-07-18
TPD058,清心福全,復興北店,台北,中山區,台北市中山區復興北路514巷62號,,,manual,2026-07-18
TPD059,清心福全,大直店,台北,中山區,台北市中山區北安路528號,,,manual,2026-07-18
TPD060,清心福全,北安店,台北,中山區,台北市中山區北安路595巷35號,,,manual,2026-07-18
TPD061,清心福全,民生東店,台北,中山區,台北市中山區民生東路一段40號,,,manual,2026-07-18
TPD062,清心福全,伊通店,台北,中山區,台北市中山區伊通街127之3號,,,manual,2026-07-18
TPD063,CoCo都可,大直店,台北,中山區,台北市中山區大直街49號,,,manual,2026-07-18
TPD064,CoCo都可,林森北店,台北,中山區,台北市中山區林森北路438號,,,manual,2026-07-18
TPD065,CoCo都可,大直大食代店,台北,中山區,台北市中山區樂群三路218號,,,manual,2026-07-18
TPD066,CoCo都可,錦西店,台北,中山區,台北市中山區錦西街18號,,,manual,2026-07-18
TPD067,CoCo都可,龍江2店,台北,中山區,台北市中山區龍江路350號,,,manual,2026-07-18
TPD068,CoCo都可,台北錦州店,台北,中山區,台北市中山區錦州街349號,,,manual,2026-07-18
TPD069,CoCo都可,台北北安二店,台北,中山區,台北市中山區北安路575之2號,,,manual,2026-07-18
TPD070,迷客夏,臺北中山南西店,台北,中山區,台北市中山區中山北路一段140巷13號,,,manual,2026-07-18
TPD071,迷客夏,臺北農安店,台北,中山區,台北市中山區農安街12號,,,manual,2026-07-18
TPD072,迷客夏,臺北錦州店,台北,中山區,台北市中山區錦州街353號,,,manual,2026-07-18
TPD073,迷客夏,臺北伊通店,台北,中山區,台北市中山區伊通街68-3號,,,manual,2026-07-18
TPD074,迷客夏,臺北遼寧店,台北,中山區,台北市中山區遼寧街38號,,,manual,2026-07-18
TPD075,迷客夏,臺北大直店,台北,中山區,台北市中山區北安路592-3號,,,manual,2026-07-18
TPD076,麻古茶坊,中山農安店,台北,中山區,台北市中山區農安街8-6號1樓,,,manual,2026-07-18
TPD077,麻古茶坊,台北遼寧店,台北,中山區,台北市中山區遼寧街46號1樓,,,manual,2026-07-18
TPD078,龜記茗品,中山晴光店,台北,中山區,台北市中山區農安街18-3號,,,manual,2026-07-18
TPD079,龜記茗品,中山錦州店,台北,中山區,台北市中山區錦州街446-1號,,,manual,2026-07-18
TPD080,龜記茗品,伊通店,台北,中山區,台北市中山區伊通街127-3號,,,manual,2026-07-18
TPD081,五桐號,台北大直店,台北,中山區,台北市中山區大直街53號,,,manual,2026-07-18
TPD082,五桐號,台北合江店,台北,中山區,台北市中山區合江街113號,,,manual,2026-07-18
TPD083,五桐號,台北遼寧店,台北,中山區,台北市中山區遼寧街48-3號,,,manual,2026-07-18
TPD084,五桐號,晴光市場店,台北,中山區,台北市中山區農安街8-5號1樓,,,manual,2026-07-18
TPD085,一沐日,吉林南京店,台北,中山區,台北市中山區南京東路二段56號,,,manual,2026-07-18
TPD086,一沐日,台北農安店,台北,中山區,台北市中山區農安街17-1號,,,manual,2026-07-18
TPD087,一沐日,中山南西店,台北,中山區,台北市中山區南京西路12巷1號1樓,,,manual,2026-07-18
TPD088,可不可熟成紅茶,中山南西店,台北,中山區,台北市中山區中山北路一段140巷13號1樓,,,manual,2026-07-18
TPD089,可不可熟成紅茶,台北晴光店,台北,中山區,台北市中山區雙城街15-5號,,,manual,2026-07-18
TPD090,可不可熟成紅茶,台北長春店,台北,中山區,台北市中山區長春路182-2號,,,manual,2026-07-18
TPD091,可不可熟成紅茶,台北大直店,台北,中山區,台北市中山區大直街37號,,,manual,2026-07-18
TPD092,可不可熟成紅茶,台北伊通店,台北,中山區,台北市中山區伊通街51號,,,manual,2026-07-18
TPD093,可不可熟成紅茶,中山遼寧店,台北,中山區,台北市中山區遼寧街65號,,,manual,2026-07-18
TPD094,可不可熟成紅茶,台北錦州店,台北,中山區,台北市中山區錦州街335號,,,manual,2026-07-18
TPD095,茶聚,台北長春店,台北,中山區,台北市中山區長春路172號,,,manual,2026-07-18
TPD096,茶聚,台北錦州店,台北,中山區,台北市中山區錦州街320號,,,manual,2026-07-18
TPD097,COMEBUY,台北林森店,台北,中山區,台北市中山區林森北路259巷3號,,,manual,2026-07-18
TPD098,COMEBUY,台北林森三店,台北,中山區,台北市中山區林森北路151號,,,manual,2026-07-18
TPD099,COMEBUY,林森欣欣店,台北,中山區,台北市中山區林森北路247號1樓,,,manual,2026-07-18
TPD100,COMEBUY,台北復錦店,台北,中山區,台北市中山區錦州街419號,,,manual,2026-07-18
TPD101,COMEBUY,台北龍江店,台北,中山區,台北市中山區龍江路356巷13號,,,manual,2026-07-18
TPD102,COMEBUY,大直北安店,台北,中山區,台北市中山區北安路516-5號,,,manual,2026-07-18
TPD103,COMEBUY,台北民權西店,台北,中山區,台北市中山區天祥路57號,,,manual,2026-07-18
TPD104,茶湯會,台北南西三店,台北,中山區,台北市中山區南京西路15號B1,,,manual,2026-07-18
TPD105,茶湯會,台北錦州店,台北,中山區,台北市中山區錦州街250號,,,manual,2026-07-18
TPD106,鮮茶道,大直實踐店,台北,中山區,台北市中山區大直街37號,,,manual,2026-07-18
TPD107,珍煮丹,台北遼寧店,台北,中山區,台北市中山區遼寧街27號1樓,,,manual,2026-07-18
TPD108,日出茶太,台北美麗華店,台北,中山區,台北市中山區敬業三路20號B1,,,manual,2026-07-18
TPD109,日出茶太,台北伊通店,台北,中山區,台北市中山區伊通街106號,,,manual,2026-07-18
TPD110,大苑子,台北錦西店,台北,中山區,台北市中山區錦西街5號,,,manual,2026-07-18
TPD111,大苑子,台北長春店,台北,中山區,台北市中山區伊通街127-4號,,,manual,2026-07-18
TPD112,大苑子,台北合江店,台北,中山區,台北市中山區合江街113號,,,manual,2026-07-18
TPD113,大苑子,實踐大學店,台北,中山區,台北市中山區大直街63號,,,manual,2026-07-18
TPD114,50嵐,承德店,台北,大同區,台北市大同區承德路一段20號,,,manual,2026-07-18
TPD115,50嵐,重慶店,台北,大同區,台北市大同區重慶北路一段84號,,,manual,2026-07-18
TPD116,50嵐,寧夏店,台北,大同區,台北市大同區寧夏路47號,,,manual,2026-07-18
TPD117,50嵐,昌吉店,台北,大同區,台北市大同區昌吉街35號,,,manual,2026-07-18
TPD118,50嵐,重慶酒泉店,台北,大同區,台北市大同區重慶北路三段251號,,,manual,2026-07-18
TPD119,清心福全,大同站前店,台北,大同區,台北市大同區長安西路52之1號（中山地下街）,,,manual,2026-07-18
TPD120,清心福全,大同迪化店,台北,大同區,台北市大同區南京西路233巷17號,,,manual,2026-07-18
TPD121,CoCo都可,台北民生店,台北,大同區,台北市大同區民生西路159號,,,manual,2026-07-18
TPD122,CoCo都可,延平店,台北,大同區,台北市大同區延平北路三段38號,,,manual,2026-07-18
TPD123,CoCo都可,昌吉店,台北,大同區,台北市大同區昌吉街53號,,,manual,2026-07-18
TPD124,迷客夏,臺北圓山店,台北,大同區,台北市大同區酒泉街119號,,,manual,2026-07-18
TPD125,龜記茗品,南西店,台北,大同區,台北市大同區南京西路18巷6-2號1樓,,,manual,2026-07-18
TPD126,五桐號,台北中山南西店,台北,大同區,台北市大同區南京西路18巷6號,,,manual,2026-07-18
TPD127,可不可熟成紅茶,大橋延三店,台北,大同區,台北市大同區延平北路三段22-4號,,,manual,2026-07-18
TPD128,茶聚,台北長安店,台北,大同區,台北市大同區長安西路129號,,,manual,2026-07-18
TPD129,COMEBUY,台北圓山店,台北,大同區,台北市大同區酒泉街12號,,,manual,2026-07-18
TPD130,COMEBUY,台北延三店,台北,大同區,台北市大同區延平北路三段79-1號,,,manual,2026-07-18
TPD131,茶湯會,台北延三店,台北,大同區,台北市大同區延平北路三段59號,,,manual,2026-07-18
TPD132,鮮茶道,延三夜市店,台北,大同區,台北市大同區延平北路三段47-1號,,,manual,2026-07-18
TPD133,珍煮丹,中山赤峰店,台北,大同區,台北市大同區承德路二段1巷38號,,,manual,2026-07-18
TPD134,50嵐,公館店,台北,中正區,台北市中正區汀州路三段116-1號,,,manual,2026-07-18
TPD135,50嵐,信陽店,台北,中正區,台北市中正區信陽街13號,,,manual,2026-07-18
TPD136,50嵐,開封店,台北,中正區,台北市中正區開封街一段9號,,,manual,2026-07-18
TPD137,50嵐,北車店,台北,中正區,台北市中正區忠孝西路一段49號（南港線捷運台北車站7號販賣店）,,,manual,2026-07-18
TPD138,50嵐,小南門店,台北,中正區,台北市中正區延平南路234號,,,manual,2026-07-18
TPD139,50嵐,捷運善導寺店,台北,中正區,台北市中正區忠孝東路一段11號,,,manual,2026-07-18
TPD140,50嵐,新生店,台北,中正區,台北市中正區新生南路一段52-3號1F,,,manual,2026-07-18
TPD141,清心福全,站前二店,台北,中正區,台北市中正區忠孝西路一段50-1號（站前地下街）,,,manual,2026-07-18
TPD142,清心福全,信陽店,台北,中正區,台北市中正區信陽街6-1號,,,manual,2026-07-18
TPD143,清心福全,青島東店,台北,中正區,台北市中正區杭州南路一段10號,,,manual,2026-07-18
TPD144,清心福全,新南昌店,台北,中正區,台北市中正區南昌路二段196號,,,manual,2026-07-18
TPD145,清心福全,南門店,台北,中正區,台北市中正區延平南路240號,,,manual,2026-07-18
TPD146,CoCo都可,南機場店,台北,中正區,台北市中正區中華路二段307巷18號,,,manual,2026-07-18
TPD147,CoCo都可,南昌店,台北,中正區,台北市中正區南昌路一段77號,,,manual,2026-07-18
TPD148,CoCo都可,鴻海三創店,台北,中正區,台北市中正區市民大道三段2號,,,manual,2026-07-18
TPD149,CoCo都可,公館1店,台北,中正區,台北市中正區汀州路三段179號,,,manual,2026-07-18
TPD150,CoCo都可,濟新店,台北,中正區,台北市中正區濟南路二段60之6號,,,manual,2026-07-18
TPD151,CoCo都可,青島店,台北,中正區,台北市中正區青島東路21-10號,,,manual,2026-07-18
TPD152,CoCo都可,台北開封店,台北,中正區,台北市中正區開封街一段29號,,,manual,2026-07-18
TPD153,迷客夏,臺北車站店,台北,中正區,台北市中正區忠孝西路一段47號（地下街KB129號櫃位）,,,manual,2026-07-18
TPD154,迷客夏,臺北南陽店,台北,中正區,台北市中正區南陽街15-5號,,,manual,2026-07-18
TPD155,迷客夏,臺北南昌店,台北,中正區,台北市中正區寧波西街50號,,,manual,2026-07-18
TPD156,迷客夏,臺北公館店,台北,中正區,台北市中正區羅斯福路四段132號,,,manual,2026-07-18
TPD157,麻古茶坊,台北公館店,台北,中正區,台北市中正區羅斯福路三段316巷5號,,,manual,2026-07-18
TPD158,麻古茶坊,台北信陽店,台北,中正區,台北市中正區信陽街25號1樓,,,manual,2026-07-18
TPD159,麻古茶坊,台北古亭店,台北,中正區,台北市中正區羅斯福路二段142號,,,manual,2026-07-18
TPD160,龜記茗品,公館店,台北,中正區,台北市中正區汀州路三段174-1號,,,manual,2026-07-18
TPD161,龜記茗品,北車站前店,台北,中正區,台北市中正區忠孝西路一段49號B1（誠品地下街）,,,manual,2026-07-18
TPD162,龜記茗品,光華三創店,台北,中正區,台北市中正區八德路一段43巷8號,,,manual,2026-07-18
TPD163,五桐號,北捷門市,台北,中正區,台北市中正區忠孝西路一段49號B1,,,manual,2026-07-18
TPD164,五桐號,台北光華三創店,台北,中正區,台北市中正區八德路一段94號,,,manual,2026-07-18
TPD165,一沐日,公館羅斯福店,台北,中正區,台北市中正區羅斯福路四段16號,,,manual,2026-07-18
TPD166,一沐日,台北延平南店,台北,中正區,台北市中正區延平南路224號,,,manual,2026-07-18
TPD167,可不可熟成紅茶,中正南昌店,台北,中正區,台北市中正區南昌路一段45號,,,manual,2026-07-18
TPD168,可不可熟成紅茶,台北開封店,台北,中正區,台北市中正區開封街一段11號,,,manual,2026-07-18
TPD169,可不可熟成紅茶,台北站前店,台北,中正區,台北市中正區南陽街34號,,,manual,2026-07-18
TPD170,可不可熟成紅茶,忠孝新生店,台北,中正區,台北市中正區八德路一段82巷9弄20-1號,,,manual,2026-07-18
TPD171,可不可熟成紅茶,台北公館店,台北,中正區,台北市中正區汀州路三段174號,,,manual,2026-07-18
TPD172,COMEBUY,台北古亭店,台北,中正區,台北市中正區羅斯福路二段58號,,,manual,2026-07-18
TPD173,COMEBUY,中正南陽店,台北,中正區,台北市中正區許昌街26-2號,,,manual,2026-07-18
TPD174,COMEBUY,台北微風店,台北,中正區,台北市中正區北平西路3號2樓（台北車站微風）,,,manual,2026-07-18
TPD175,COMEBUY,台北公館店,台北,中正區,台北市中正區汀州路三段195號,,,manual,2026-07-18
TPD176,茶湯會,台北八德一店,台北,中正區,台北市中正區八德路一段82巷9弄19號,,,manual,2026-07-18
TPD177,茶湯會,台北南門店,台北,中正區,台北市中正區南昌路一段49號,,,manual,2026-07-18
TPD178,茶湯會,台北信陽店,台北,中正區,台北市中正區信陽街26-1號,,,manual,2026-07-18
TPD179,鮮茶道,南陽店,台北,中正區,台北市中正區南陽街4號,,,manual,2026-07-18
TPD180,珍煮丹,台北延平南店,台北,中正區,台北市中正區延平南路238號,,,manual,2026-07-18
TPD181,珍煮丹,台北濟南店,台北,中正區,台北市中正區濟南路二段60之1號,,,manual,2026-07-18
TPD182,珍煮丹,中正南門店,台北,中正區,台北市中正區羅斯福路一段12號,,,manual,2026-07-18
TPD183,珍煮丹,北車開封店,台北,中正區,台北市中正區開封街一段11號,,,manual,2026-07-18
TPD184,日出茶太,北車微風店,台北,中正區,台北市中正區北平西路3號1樓,,,manual,2026-07-18
TPD185,日出茶太,台北天成店,台北,中正區,台北市中正區忠孝西路一段41之1號,,,manual,2026-07-18
TPD186,日出茶太,台北國光客運店,台北,中正區,台北市中正區忠孝西路173號,,,manual,2026-07-18
TPD187,大苑子,台北南昌店,台北,中正區,台北市中正區南昌路一段80號,,,manual,2026-07-18
TPD188,大苑子,台大公館店,台北,中正區,台北市中正區羅斯福路三段316巷7-2號,,,manual,2026-07-18
TPD189,50嵐,西門店,台北,萬華區,台北市萬華區漢中街136號,,,manual,2026-07-18
TPD190,50嵐,西寧店,台北,萬華區,台北市萬華區西寧南路48-4號,,,manual,2026-07-18
TPD191,50嵐,龍山寺店,台北,萬華區,台北市萬華區和平西路三段139號1樓,,,manual,2026-07-18
TPD192,50嵐,寶興店,台北,萬華區,台北市萬華區寶興街64號,,,manual,2026-07-18
TPD193,50嵐,萬大店,台北,萬華區,台北市萬華區萬大路282號,,,manual,2026-07-18
TPD194,50嵐,康定店,台北,萬華區,台北市萬華區康定路195號,,,manual,2026-07-18
TPD195,50嵐,峨嵋店,台北,萬華區,台北市萬華區峨嵋街49號,,,manual,2026-07-18
TPD196,清心福全,昆明店,台北,萬華區,台北市萬華區昆明街132號,,,manual,2026-07-18
TPD197,清心福全,康定店,台北,萬華區,台北市萬華區康定路322號,,,manual,2026-07-18
TPD198,清心福全,寶興店,台北,萬華區,台北市萬華區寶興街94號,,,manual,2026-07-18
TPD199,清心福全,成都店,台北,萬華區,台北市萬華區成都路30號,,,manual,2026-07-18
TPD200,清心福全,龍山店,台北,萬華區,台北市萬華區廣州街217號,,,manual,2026-07-18
TPD201,清心福全,萬大店,台北,萬華區,台北市萬華區萬大路315號,,,manual,2026-07-18
TPD202,CoCo都可,萬華寶興店,台北,萬華區,台北市萬華區寶興街70號,,,manual,2026-07-18
TPD203,CoCo都可,成都店,台北,萬華區,台北市萬華區成都路41號,,,manual,2026-07-18
TPD204,CoCo都可,西門町店,台北,萬華區,台北市萬華區武昌街二段4號,,,manual,2026-07-18
TPD205,迷客夏,臺北萬華寶興店,台北,萬華區,台北市萬華區寶興街71號,,,manual,2026-07-18
TPD206,迷客夏,臺北西門町店,台北,萬華區,台北市萬華區漢中街126號,,,manual,2026-07-18
TPD207,迷客夏,臺北西門西寧店,台北,萬華區,台北市萬華區西寧南路48-2號,,,manual,2026-07-18
TPD208,迷客夏,臺北萬華龍山寺店,台北,萬華區,台北市萬華區和平西路三段141號,,,manual,2026-07-18
TPD209,龜記茗品,西門店,台北,萬華區,台北市萬華區西寧南路50巷13-1號,,,manual,2026-07-18
TPD210,五桐號,台北西門店,台北,萬華區,台北市萬華區西寧南路48-3號1樓,,,manual,2026-07-18
TPD211,可不可熟成紅茶,龍山寺店,台北,萬華區,台北市萬華區康定路195號,,,manual,2026-07-18
TPD212,COMEBUY,台北中華店,台北,萬華區,台北市萬華區中華路一段116號,,,manual,2026-07-18
TPD213,COMEBUY,台北成都店,台北,萬華區,台北市萬華區成都路37號,,,manual,2026-07-18
TPD214,茶湯會,萬華康定店,台北,萬華區,台北市萬華區康定路213號,,,manual,2026-07-18
TPD215,鮮茶道,台北武昌店,台北,萬華區,台北市萬華區西寧南路119號,,,manual,2026-07-18
TPD216,一芳,龍山寺店,台北,萬華區,台北市萬華區廣州街138號,,,manual,2026-07-18
TPD217,一芳,台北西門店,台北,萬華區,台北市萬華區武昌街二段118號,,,manual,2026-07-18
TPD218,50嵐,大安店,台北,大安區,台北市大安區大安路一段225號,,,manual,2026-07-18
TPD219,50嵐,師大店,台北,大安區,台北市大安區師大路137號,,,manual,2026-07-18
TPD220,50嵐,忠孝延吉店,台北,大安區,台北市大安區延吉街72-4號,,,manual,2026-07-18
TPD221,50嵐,SOGO店,台北,大安區,台北市大安區復興南路一段107巷23-3號,,,manual,2026-07-18
TPD222,50嵐,復興店,台北,大安區,台北市大安區復興南路二段182號,,,manual,2026-07-18
TPD223,50嵐,永康店,台北,大安區,台北市大安區永康街14巷2號,,,manual,2026-07-18
TPD224,50嵐,台大店,台北,大安區,台北市大安區羅斯福路三段345號,,,manual,2026-07-18
TPD225,50嵐,通化店,台北,大安區,台北市大安區通化街119號,,,manual,2026-07-18
TPD226,清心福全,成功店,台北,大安區,台北市大安區復興南路二段151巷49號,,,manual,2026-07-18
TPD227,清心福全,忠孝SOGO店,台北,大安區,台北市大安區大安路一段31巷2號,,,manual,2026-07-18
TPD228,清心福全,和平東店,台北,大安區,台北市大安區和平東路三段294號,,,manual,2026-07-18
TPD229,清心福全,金山南店,台北,大安區,台北市大安區金山南路二段27-1號,,,manual,2026-07-18
TPD230,清心福全,市民店,台北,大安區,台北市大安區市民大道三段136號,,,manual,2026-07-18
TPD231,清心福全,大安店,台北,大安區,台北市大安區大安路一段229號,,,manual,2026-07-18
TPD232,清心福全,師大店,台北,大安區,台北市大安區師大路108號,,,manual,2026-07-18
TPD233,清心福全,台科大店,台北,大安區,台北市大安區基隆路四段43號,,,manual,2026-07-18
TPD234,CoCo都可,台北金山店,台北,大安區,台北市大安區信義路二段91號1樓之4,,,manual,2026-07-18
TPD235,CoCo都可,古亭店,台北,大安區,台北市大安區和平東路一段17號,,,manual,2026-07-18
TPD236,CoCo都可,和平東店,台北,大安區,台北市大安區和平東路二段305號,,,manual,2026-07-18
TPD237,CoCo都可,安居店,台北,大安區,台北市大安區安居街18號,,,manual,2026-07-18
TPD238,CoCo都可,台北建國店,台北,大安區,台北市大安區建國南路二段3號,,,manual,2026-07-18
TPD239,CoCo都可,永康店,台北,大安區,台北市大安區永康街12之1號,,,manual,2026-07-18
TPD240,CoCo都可,通化店,台北,大安區,台北市大安區通化街50號,,,manual,2026-07-18
TPD241,CoCo都可,忠孝復興店,台北,大安區,台北市大安區忠孝東路三段302號B1,,,manual,2026-07-18
TPD242,迷客夏,臺北大安店,台北,大安區,台北市大安區大安路一段213號,,,manual,2026-07-18
TPD243,迷客夏,臺北師大店,台北,大安區,台北市大安區師大路45-2號,,,manual,2026-07-18
TPD244,迷客夏,臺北科技大樓店,台北,大安區,台北市大安區和平東路二段293號,,,manual,2026-07-18
TPD245,迷客夏,臺北忠孝復興店,台北,大安區,台北市大安區復興南路一段135巷1號,,,manual,2026-07-18
TPD246,迷客夏,臺北延吉店,台北,大安區,台北市大安區延吉街163-1號,,,manual,2026-07-18
TPD247,麻古茶坊,大安復興店,台北,大安區,台北市大安區復興南路一段107巷33號1樓,,,manual,2026-07-18
TPD248,麻古茶坊,台北大安信義店,台北,大安區,台北市大安區信義路三段190號,,,manual,2026-07-18
TPD249,龜記茗品,忠孝復興店,台北,大安區,台北市大安區復興南路一段135巷19號1樓,,,manual,2026-07-18
TPD250,龜記茗品,大安信義店,台北,大安區,台北市大安區信義路三段192號,,,manual,2026-07-18
TPD251,五桐號,台北通化旗艦店,台北,大安區,台北市大安區通化街41號,,,manual,2026-07-18
TPD252,五桐號,台北古亭店,台北,大安區,台北市大安區和平東路一段17號,,,manual,2026-07-18
TPD253,一沐日,台北大安店,台北,大安區,台北市大安區大安路一段12號,,,manual,2026-07-18
TPD254,一沐日,台北永康店,台北,大安區,台北市大安區麗水街8號,,,manual,2026-07-18
TPD255,一沐日,台北安居店,台北,大安區,台北市大安區安居街22號,,,manual,2026-07-18
TPD256,一沐日,臨江通化店,台北,大安區,台北市大安區通化街72號,,,manual,2026-07-18
TPD257,可不可熟成紅茶,台北大安店,台北,大安區,台北市大安區大安路一段22號,,,manual,2026-07-18
TPD258,可不可熟成紅茶,大安信義店,台北,大安區,台北市大安區信義路三段202號,,,manual,2026-07-18
TPD259,可不可熟成紅茶,科技大樓店,台北,大安區,台北市大安區和平東路二段307號,,,manual,2026-07-18
TPD260,可不可熟成紅茶,台北延吉店,台北,大安區,台北市大安區延吉街133號,,,manual,2026-07-18
TPD261,可不可熟成紅茶,台北古亭店,台北,大安區,台北市大安區羅斯福路二段51號1樓,,,manual,2026-07-18
TPD262,可不可熟成紅茶,台北通化店,台北,大安區,台北市大安區通化街83號,,,manual,2026-07-18
TPD263,茶的魔手,台北通化店,台北,大安區,台北市大安區通化街77號,,,manual,2026-07-18
TPD264,茶的魔手,台北延吉店,台北,大安區,台北市大安區延吉街159-1號,,,manual,2026-07-18
TPD265,COMEBUY,台灣科大店,台北,大安區,台北市大安區基隆路四段43號,,,manual,2026-07-18
TPD266,COMEBUY,台北教育大學店,台北,大安區,台北市大安區敦南街38號,,,manual,2026-07-18
TPD267,COMEBUY,科技大樓店,台北,大安區,台北市大安區和平東路二段118巷57號,,,manual,2026-07-18
TPD268,COMEBUY,台北安居店,台北,大安區,台北市大安區安居街30號,,,manual,2026-07-18
TPD269,COMEBUY,師大店,台北,大安區,台北市大安區師大路98號,,,manual,2026-07-18
TPD270,COMEBUY,龍泉店,台北,大安區,台北市大安區師大路45-2號,,,manual,2026-07-18
TPD271,COMEBUY,台北建國店,台北,大安區,台北市大安區建國南路一段34號1樓,,,manual,2026-07-18
TPD272,COMEBUY,忠孝SOGO店,台北,大安區,台北市大安區忠孝東路四段49巷8號,,,manual,2026-07-18
TPD273,COMEBUY,台北通化店,台北,大安區,台北市大安區通化街103號,,,manual,2026-07-18
TPD274,茶湯會,台北安居店,台北,大安區,台北市大安區安居街10號1樓,,,manual,2026-07-18
TPD275,茶湯會,復興南店,台北,大安區,台北市大安區復興南路一段68號1樓,,,manual,2026-07-18
TPD276,鮮茶道,通化店,台北,大安區,台北市大安區通化街59號,,,manual,2026-07-18
TPD277,珍煮丹,大安復興店,台北,大安區,台北市大安區信義路三段200號,,,manual,2026-07-18
TPD278,大苑子,大安也思店,台北,大安區,台北市大安區大安路一段213號,,,manual,2026-07-18
TPD279,大苑子,台北通化店,台北,大安區,台北市大安區通化街109號,,,manual,2026-07-18
TPD280,50嵐,世貿店,台北,信義區,台北市信義區基隆路二段107之3號,,,manual,2026-07-18
TPD281,50嵐,市府捷運店,台北,信義區,台北市信義區忠孝東路五段183號,,,manual,2026-07-18
TPD282,50嵐,松山店,台北,信義區,台北市信義區松山路557號,,,manual,2026-07-18
TPD283,50嵐,微風松高店,台北,信義區,台北市信義區松高路16號B2,,,manual,2026-07-18
TPD284,50嵐,莊敬店,台北,信義區,台北市信義區莊敬路392號,,,manual,2026-07-18
TPD285,50嵐,信義ATT店,台北,信義區,台北市信義區松壽路12號,,,manual,2026-07-18
TPD286,清心福全,五分埔店,台北,信義區,台北市信義區松山路158-1號,,,manual,2026-07-18
TPD287,清心福全,世貿店,台北,信義區,台北市信義區吳興街144號,,,manual,2026-07-18
TPD288,清心福全,忠孝東店,台北,信義區,台北市信義區忠孝東路五段743巷5號,,,manual,2026-07-18
TPD289,清心福全,松仁店,台北,信義區,台北市信義區松仁路198號,,,manual,2026-07-18
TPD290,清心福全,新松山店,台北,信義區,台北市信義區松山路590號,,,manual,2026-07-18
TPD291,清心福全,永吉店,台北,信義區,台北市信義區永吉路30巷73-2號,,,manual,2026-07-18
TPD292,清心福全,福德店,台北,信義區,台北市信義區福德街262號,,,manual,2026-07-18
TPD293,清心福全,中坡北店,台北,信義區,台北市信義區永吉路524號,,,manual,2026-07-18
TPD294,CoCo都可,中坡南店,台北,信義區,台北市信義區中坡南路20號,,,manual,2026-07-18
TPD295,CoCo都可,吳興店,台北,信義區,台北市信義區吳興街229號,,,manual,2026-07-18
TPD296,CoCo都可,台北世貿店,台北,信義區,台北市信義區基隆路二段19號,,,manual,2026-07-18
TPD297,CoCo都可,台鐵松山店,台北,信義區,台北市信義區松山路11號,,,manual,2026-07-18
TPD298,CoCo都可,信義永吉店,台北,信義區,台北市信義區松隆路70號,,,manual,2026-07-18
TPD299,迷客夏,臺北永吉店,台北,信義區,台北市信義區永吉路30巷114號,,,manual,2026-07-18
TPD300,迷客夏,臺北虎林店,台北,信義區,台北市信義區虎林街125號,,,manual,2026-07-18
TPD301,迷客夏,臺北時代百貨店,台北,信義區,台北市信義區忠孝東路五段8號B2,,,manual,2026-07-18
TPD302,迷客夏,臺北北醫莊敬店,台北,信義區,台北市信義區莊敬路260號,,,manual,2026-07-18
TPD303,迷客夏,Milksha Plus 臺北新光信義A11店,台北,信義區,台北市信義區松壽路11號2樓,,,manual,2026-07-18
TPD304,麻古茶坊,台北市府店,台北,信義區,台北市信義區忠孝東路五段23號,,,manual,2026-07-18
TPD305,麻古茶坊,信義永吉店,台北,信義區,台北市信義區永吉路30巷119號,,,manual,2026-07-18
TPD306,麻古茶坊,台北松山車站店,台北,信義區,台北市信義區松山路11號B1,,,manual,2026-07-18
TPD307,龜記茗品,信義莊敬店,台北,信義區,台北市信義區莊敬路314號1樓,,,manual,2026-07-18
TPD308,龜記茗品,信義A11店,台北,信義區,台北市信義區松壽路11號,,,manual,2026-07-18
TPD309,龜記茗品,統一時代百貨店,台北,信義區,台北市信義區忠孝東路五段8號B2,,,manual,2026-07-18
TPD310,五桐號,台北捷運市府店,台北,信義區,台北市信義區忠孝東路五段2號,,,manual,2026-07-18
TPD311,五桐號,台北新光A8店,台北,信義區,台北市信義區松高路12號,,,manual,2026-07-18
TPD312,一沐日,台北吳興店,台北,信義區,台北市信義區吳興街235號,,,manual,2026-07-18
TPD313,可不可熟成紅茶,台北市政店,台北,信義區,台北市信義區忠孝東路五段17-2號,,,manual,2026-07-18
TPD314,可不可熟成紅茶,信義永春店,台北,信義區,台北市信義區松山路534號,,,manual,2026-07-18
TPD315,COMEBUY,台北市府店,台北,信義區,台北市信義區忠孝東路五段165巷3弄5號,,,manual,2026-07-18
TPD316,COMEBUY,台北永吉店,台北,信義區,台北市信義區永吉路30巷97號,,,manual,2026-07-18
TPD317,COMEBUY,台北永春店,台北,信義區,台北市信義區忠孝東路五段423巷64號,,,manual,2026-07-18
TPD318,COMEBUY,北醫店,台北,信義區,台北市信義區吳興街277號,,,manual,2026-07-18
TPD319,COMEBUY,台北中坡店,台北,信義區,台北市信義區中坡南路20號,,,manual,2026-07-18
TPD320,COMEBUY,信義ATT店,台北,信義區,台北市信義區松壽路12號1樓,,,manual,2026-07-18
TPD321,茶湯會,台北信義A8店,台北,信義區,台北市信義區松高路12號B1,,,manual,2026-07-18
TPD322,茶湯會,台北永吉店,台北,信義區,台北市信義區永吉路30巷29號,,,manual,2026-07-18
TPD323,茶湯會,台北松山店,台北,信義區,台北市信義區松山路531號,,,manual,2026-07-18
TPD324,鮮茶道,永吉店,台北,信義區,台北市信義區永吉路30巷178弄2號,,,manual,2026-07-18
TPD325,鮮茶道,松山家商店,台北,信義區,台北市信義區林口街10號,,,manual,2026-07-18
TPD326,珍煮丹,信義市府店,台北,信義區,台北市信義區忠孝東路五段17號之1,,,manual,2026-07-18
TPD327,珍煮丹,台北北醫店,台北,信義區,台北市信義區莊敬路318號1樓,,,manual,2026-07-18
TPD328,日出茶太,台北101店,台北,信義區,台北市信義區市府路45號,,,manual,2026-07-18
TPD329,日出茶太,信義威秀店,台北,信義區,台北市信義區松壽路20號2樓,,,manual,2026-07-18
TPD330,日出茶太,台北松仁店,台北,信義區,台北市信義區松仁路160號,,,manual,2026-07-18
TPD331,大苑子,市府夢想店,台北,信義區,台北市信義區忠孝東路五段139號,,,manual,2026-07-18
TPD332,大苑子,台北莊敬店,台北,信義區,台北市信義區莊敬路343號,,,manual,2026-07-18
TPD333,大苑子,信義松山店,台北,信義區,台北市信義區松山路627號,,,manual,2026-07-18
TPD334,50嵐,八德店,台北,松山區,台北市松山區八德路四段59號,,,manual,2026-07-18
TPD335,50嵐,饒河店,台北,松山區,台北市松山區八德路四段777號,,,manual,2026-07-18
TPD336,50嵐,北寧店,台北,松山區,台北市松山區北寧路26號,,,manual,2026-07-18
TPD337,50嵐,南京三民店,台北,松山區,台北市松山區南京東路五段123巷37號1樓,,,manual,2026-07-18
TPD338,50嵐,民生店,台北,松山區,台北市松山區民生東路四段104號,,,manual,2026-07-18
TPD339,50嵐,長春店,台北,松山區,台北市松山區長春路476號,,,manual,2026-07-18
TPD340,50嵐,新東店,台北,松山區,台北市松山區民生東路五段197-1號,,,manual,2026-07-18
TPD341,清心福全,饒河店,台北,松山區,台北市松山區八德路四段779號,,,manual,2026-07-18
TPD342,清心福全,東興店,台北,松山區,台北市松山區南京東路五段234-2號,,,manual,2026-07-18
TPD343,清心福全,延吉店,台北,松山區,台北市松山區延吉街2-4號,,,manual,2026-07-18
TPD344,清心福全,南京東店,台北,松山區,台北市松山區南京東路四段133巷7弄1號,,,manual,2026-07-18
TPD345,清心福全,八德店,台北,松山區,台北市松山區八德路四段48號,,,manual,2026-07-18
TPD346,清心福全,新東店,台北,松山區,台北市松山區新東街19號,,,manual,2026-07-18
TPD347,CoCo都可,南京五店,台北,松山區,台北市松山區南京東路五段66巷15號,,,manual,2026-07-18
TPD348,CoCo都可,南四店,台北,松山區,台北市松山區南京東路四段133巷4弄2號,,,manual,2026-07-18
TPD349,CoCo都可,慶城店,台北,松山區,台北市松山區長春路470號,,,manual,2026-07-18
TPD350,CoCo都可,台北南京店,台北,松山區,台北市松山區南京東路三段285號1F,,,manual,2026-07-18
TPD351,迷客夏,臺北南京店,台北,松山區,台北市松山區南京東路五段68號,,,manual,2026-07-18
TPD352,迷客夏,臺北小巨蛋店,台北,松山區,台北市松山區健康路100號,,,manual,2026-07-18
TPD353,麻古茶坊,台北小巨蛋店,台北,松山區,台北市松山區南京東路四段133巷5-1號,,,manual,2026-07-18
TPD354,麻古茶坊,南京三民店,台北,松山區,台北市松山區南京東路五段123巷6弄2號,,,manual,2026-07-18
TPD355,龜記茗品,南京三民店,台北,松山區,台北市松山區南京東路五段123巷13號,,,manual,2026-07-18
TPD356,五桐號,台北饒河店,台北,松山區,台北市松山區八德路四段773號1樓,,,manual,2026-07-18
TPD357,可不可熟成紅茶,松山南京店,台北,松山區,台北市松山區南京東路五段163-8號,,,manual,2026-07-18
TPD358,可不可熟成紅茶,松山饒河店,台北,松山區,台北市松山區饒河街41號,,,manual,2026-07-18
TPD359,茶的魔手,台北慶城店,台北,松山區,台北市松山區慶城街1號1樓,,,manual,2026-07-18
TPD360,COMEBUY,Comebuy Dream 台北小巨蛋,台北,松山區,台北市松山區南京東路四段2號1樓,,,manual,2026-07-18
TPD361,COMEBUY,松山新東店,台北,松山區,台北市松山區新東街29號1樓,,,manual,2026-07-18
TPD362,COMEBUY,台北饒河店,台北,松山區,台北市松山區八德路四段687號,,,manual,2026-07-18
TPD363,COMEBUY,台北延吉店,台北,松山區,台北市松山區延吉街2-5號,,,manual,2026-07-18
TPD364,COMEBUY,台北慶城店,台北,松山區,台北市松山區慶城街14-1號,,,manual,2026-07-18
TPD365,COMEBUY,松山機場店,台北,松山區,台北市松山區敦化北路340-9號,,,manual,2026-07-18
TPD366,茶湯會,台北民生東五店,台北,松山區,台北市松山區民生東路五段197-2號1樓,,,manual,2026-07-18
TPD367,茶湯會,八德三店,台北,松山區,台北市松山區八德路三段78號,,,manual,2026-07-18
TPD368,珍煮丹,台北南京店,台北,松山區,台北市松山區南京東路四段108號,,,manual,2026-07-18
TPD369,日出茶太,微風南京店,台北,松山區,台北市松山區南京東路三段337號B2-15,,,manual,2026-07-18
TPD370,大苑子,台北八德店,台北,松山區,台北市松山區八德路四段289之3號,,,manual,2026-07-18
TPD371,大苑子,南京開發店,台北,松山區,台北市松山區南京東路五段123巷6弄1號,,,manual,2026-07-18
TPD372,50嵐,內湖園區店,台北,內湖區,台北市內湖區內湖路一段425號,,,manual,2026-07-18
TPD373,50嵐,德安店,台北,內湖區,台北市內湖區康寧路一段66號,,,manual,2026-07-18
TPD374,50嵐,東湖店,台北,內湖區,台北市內湖區康寧路三段48號,,,manual,2026-07-18
TPD375,50嵐,文德店,台北,內湖區,台北市內湖區文德路20號,,,manual,2026-07-18
TPD376,50嵐,東湖二店,台北,內湖區,台北市內湖區東湖路149號,,,manual,2026-07-18
TPD377,50嵐,瑞光店,台北,內湖區,台北市內湖區民權東路六段94號,,,manual,2026-07-18
TPD378,清心福全,港墘店,台北,內湖區,台北市內湖區內湖路一段737巷56號,,,manual,2026-07-18
TPD379,清心福全,西湖店,台北,內湖區,台北市內湖區內湖路一段285巷3號,,,manual,2026-07-18
TPD380,清心福全,東湖店,台北,內湖區,台北市內湖區東湖路146號,,,manual,2026-07-18
TPD381,清心福全,碧湖店,台北,內湖區,台北市內湖區內湖路二段369號,,,manual,2026-07-18
TPD382,清心福全,新明店,台北,內湖區,台北市內湖區新明路244號,,,manual,2026-07-18
TPD383,CoCo都可,內湖店,台北,內湖區,台北市內湖區內湖路一段285巷29號,,,manual,2026-07-18
TPD384,CoCo都可,東湖2店,台北,內湖區,台北市內湖區東湖路37號,,,manual,2026-07-18
TPD385,迷客夏,臺北西湖店,台北,內湖區,台北市內湖區內湖路一段285巷65弄8號,,,manual,2026-07-18
TPD386,迷客夏,臺北瑞光店,台北,內湖區,台北市內湖區民權東路六段100號,,,manual,2026-07-18
TPD387,麻古茶坊,內湖科學園區店,台北,內湖區,台北市內湖區內湖路一段587號,,,manual,2026-07-18
TPD388,麻古茶坊,內湖康寧店,台北,內湖區,台北市內湖區康寧路一段54號,,,manual,2026-07-18
TPD389,麻古茶坊,東湖店,台北,內湖區,台北市內湖區東湖路141號,,,manual,2026-07-18
TPD390,龜記茗品,內湖店,台北,內湖區,台北市內湖區內湖路一段409號1樓,,,manual,2026-07-18
TPD391,龜記茗品,內湖康寧店,台北,內湖區,台北市內湖區康寧路一段58號,,,manual,2026-07-18
TPD392,龜記茗品,內湖737店,台北,內湖區,台北市內湖區內湖路一段737巷8弄1號,,,manual,2026-07-18
TPD393,五桐號,台北內湖江南店,台北,內湖區,台北市內湖區江南街126號1樓,,,manual,2026-07-18
TPD394,五桐號,台北內湖東湖店,台北,內湖區,台北市內湖區東湖路143號,,,manual,2026-07-18
TPD395,一沐日,內湖江南店,台北,內湖區,台北市內湖區江南街75號,,,manual,2026-07-18
TPD396,可不可熟成紅茶,內湖民權店,台北,內湖區,台北市內湖區民權東路六段96號,,,manual,2026-07-18
TPD397,可不可熟成紅茶,內湖江南店,台北,內湖區,台北市內湖區江南街105號,,,manual,2026-07-18
TPD398,可不可熟成紅茶,內湖瑞光店,台北,內湖區,台北市內湖區瑞光路517號,,,manual,2026-07-18
TPD399,茶聚,內湖康寧店,台北,內湖區,台北市內湖區康寧路一段82號,,,manual,2026-07-18
TPD400,COMEBUY,台北內湖店,台北,內湖區,台北市內湖區內湖路一段737巷50弄7號,,,manual,2026-07-18
TPD401,COMEBUY,台北葫洲店,台北,內湖區,台北市內湖區康寧路三段26巷1號,,,manual,2026-07-18
TPD402,COMEBUY,台北西湖店,台北,內湖區,台北市內湖區內湖路一段285巷25號,,,manual,2026-07-18
TPD403,茶湯會,內湖江南店,台北,內湖區,台北市內湖區江南街120號,,,manual,2026-07-18
TPD404,鮮茶道,內湖新明店,台北,內湖區,台北市內湖區新明路331號,,,manual,2026-07-18
TPD405,鮮茶道,北市內湖店,台北,內湖區,台北市內湖區內湖路一段421號,,,manual,2026-07-18
TPD406,珍煮丹,內湖江南店,台北,內湖區,台北市內湖區江南街108號,,,manual,2026-07-18
TPD407,珍煮丹,內湖園區店,台北,內湖區,台北市內湖區內湖路一段411巷8號1樓,,,manual,2026-07-18
TPD408,日出茶太,內湖大潤發一館店,台北,內湖區,台北市內湖區舊宗路一段128號1樓,,,manual,2026-07-18
TPD409,日出茶太,內湖大潤發二館店,台北,內湖區,台北市內湖區舊宗路一段188號,,,manual,2026-07-18
TPD410,日出茶太,家樂福內湖店,台北,內湖區,台北市內湖區民善街88號,,,manual,2026-07-18
TPD411,日出茶太,微風三總店,台北,內湖區,台北市內湖區成功二路325號,,,manual,2026-07-18
TPD412,大苑子,內湖江南店,台北,內湖區,台北市內湖區江南街101號,,,manual,2026-07-18
TPD413,50嵐,南港園區店,台北,南港區,台北市南港區南港路一段116號,,,manual,2026-07-18
TPD414,50嵐,昆陽遠東店,台北,南港區,台北市南港區南港路三段1號,,,manual,2026-07-18
TPD415,50嵐,同德店,台北,南港區,台北市南港區同德路39號,,,manual,2026-07-18
TPD416,50嵐,中坡店,台北,南港區,台北市南港區中坡南路5號,,,manual,2026-07-18
TPD417,清心福全,南港店,台北,南港區,台北市南港區南港路三段20號,,,manual,2026-07-18
TPD418,清心福全,經貿店,台北,南港區,台北市南港區南港路一段154號,,,manual,2026-07-18
TPD419,CoCo都可,興華店,台北,南港區,台北市南港區興華路105號1樓,,,manual,2026-07-18
TPD420,CoCo都可,LaLaport南港店,台北,南港區,台北市南港區經貿二路166號,,,manual,2026-07-18
TPD421,迷客夏,臺北南港店,台北,南港區,台北市南港區三重路3號,,,manual,2026-07-18
TPD422,迷客夏,臺北南港站前店,台北,南港區,台北市南港區興華路91號,,,manual,2026-07-18
TPD423,迷客夏,Milksha Plus 臺北南港LaLaport店,台北,南港區,台北市南港區經貿二路131號B1,,,manual,2026-07-18
TPD424,麻古茶坊,南港軟體園區店,台北,南港區,台北市南港區興東街7-2號,,,manual,2026-07-18
TPD425,龜記茗品,南港昆陽店,台北,南港區,台北市南港區南港路三段5號,,,manual,2026-07-18
TPD426,龜記茗品,南港後山埤店,台北,南港區,台北市南港區中坡南路5號1樓,,,manual,2026-07-18
TPD427,龜記茗品,南港中信店,台北,南港區,台北市南港區經貿二路186號3樓,,,manual,2026-07-18
TPD428,龜記茗品,南港CITYLINK店,台北,南港區,台北市南港區忠孝東路七段369號C棟2F,,,manual,2026-07-18
TPD429,五桐號,台北南港店,台北,南港區,台北市南港區南港路一段147號1樓,,,manual,2026-07-18
TPD430,一沐日,南港興華店,台北,南港區,台北市南港區興華路92號,,,manual,2026-07-18
TPD431,可不可熟成紅茶,台北昆陽店,台北,南港區,台北市南港區忠孝東路六段426號,,,manual,2026-07-18
TPD432,可不可熟成紅茶,台北南港店,台北,南港區,台北市南港區南港路一段118號,,,manual,2026-07-18
TPD433,茶聚,南港玉成店,台北,南港區,台北市南港區南港路三段25號,,,manual,2026-07-18
TPD434,COMEBUY,南港昆陽店,台北,南港區,台北市南港區昆陽街140巷1號,,,manual,2026-07-18
TPD435,茶湯會,南港展覽館店,台北,南港區,台北市南港區南港路一段134號,,,manual,2026-07-18
TPD436,茶湯會,台北南港三店,台北,南港區,台北市南港區南港路三段4號,,,manual,2026-07-18
TPD437,珍煮丹,南港園區店,台北,南港區,台北市南港區新民街58號,,,manual,2026-07-18
TPD438,日出茶太,南港環球店,台北,南港區,台北市南港區忠孝東路七段371號B1,,,manual,2026-07-18
TPD439,大苑子,南港中坡店,台北,南港區,台北市南港區中坡南路5號,,,manual,2026-07-18
TPD440,50嵐,士林捷運店,台北,士林區,台北市士林區中正路235巷38號,,,manual,2026-07-18
TPD441,50嵐,士林延平店,台北,士林區,台北市士林區延平北路六段25-27號,,,manual,2026-07-18
TPD442,50嵐,士東店,台北,士林區,台北市士林區士東路99號,,,manual,2026-07-18
TPD443,50嵐,天母店,台北,士林區,台北市士林區天母北路3號,,,manual,2026-07-18
TPD444,50嵐,士林文林店,台北,士林區,台北市士林區文林路191號,,,manual,2026-07-18
TPD445,50嵐,劍潭店,台北,士林區,台北市士林區承德路四段35號,,,manual,2026-07-18
TPD446,50嵐,德行店,台北,士林區,台北市士林區德行西路60號,,,manual,2026-07-18
TPD447,清心福全,士林天母店,台北,士林區,台北市士林區天母西路44號,,,manual,2026-07-18
TPD448,清心福全,士林陽明店,台北,士林區,台北市士林區文林路22號,,,manual,2026-07-18
TPD449,清心福全,士林社子店,台北,士林區,台北市士林區延平北路六段129號,,,manual,2026-07-18
TPD450,清心福全,士林福華店,台北,士林區,台北市士林區福華路142號,,,manual,2026-07-18
TPD451,清心福全,士林德行東店,台北,士林區,台北市士林區德行東路214號,,,manual,2026-07-18
TPD452,清心福全,士林文大店,台北,士林區,台北市士林區光華路26巷4之2號,,,manual,2026-07-18
TPD453,CoCo都可,士林中正店,台北,士林區,台北市士林區中正路342號,,,manual,2026-07-18
TPD454,CoCo都可,文化店,台北,士林區,台北市士林區光華路26巷4-2號,,,manual,2026-07-18
TPD455,CoCo都可,大南店,台北,士林區,台北市士林區大南路309號,,,manual,2026-07-18
TPD456,CoCo都可,天母店,台北,士林區,台北市士林區天母西路7號,,,manual,2026-07-18
TPD457,CoCo都可,社子店,台北,士林區,台北市士林區延平北路六段91號,,,manual,2026-07-18
TPD458,CoCo都可,天母德行店,台北,士林區,台北市士林區德行東路107號,,,manual,2026-07-18
TPD459,CoCo都可,美崙店,台北,士林區,台北市士林區美崙街5號,,,manual,2026-07-18
TPD460,CoCo都可,華齡店,台北,士林區,台北市士林區華齡街16號,,,manual,2026-07-18
TPD461,迷客夏,臺北士林店,台北,士林區,台北市士林區文林路311號,,,manual,2026-07-18
TPD462,迷客夏,臺北天母店,台北,士林區,台北市士林區德行東路82號,,,manual,2026-07-18
TPD463,麻古茶坊,大葉高島屋店,台北,士林區,台北市士林區忠誠路二段55號B1,,,manual,2026-07-18
TPD464,龜記茗品,天母芝山店,台北,士林區,台北市士林區德行東路7號1樓,,,manual,2026-07-18
TPD465,龜記茗品,士林中正店,台北,士林區,台北市士林區中正路235巷40號,,,manual,2026-07-18
TPD466,五桐號,台北芝山店,台北,士林區,台北市士林區德行西路54-1號,,,manual,2026-07-18
TPD467,五桐號,台北士林中正店,台北,士林區,台北市士林區中正路235巷24號,,,manual,2026-07-18
TPD468,一沐日,天母德行東店,台北,士林區,台北市士林區德行東路21號,,,manual,2026-07-18
TPD469,可不可熟成紅茶,士林大北店,台北,士林區,台北市士林區大北路5號,,,manual,2026-07-18
TPD470,可不可熟成紅茶,天母德行東店,台北,士林區,台北市士林區德行東路166號,,,manual,2026-07-18
TPD471,茶聚,芝山福華店,台北,士林區,台北市士林區福華路164巷15號,,,manual,2026-07-18
TPD472,COMEBUY,士林文林店,台北,士林區,台北市士林區文林路203號,,,manual,2026-07-18
TPD473,COMEBUY,士林承德店,台北,士林區,台北市士林區承德路四段40巷125號,,,manual,2026-07-18
TPD474,COMEBUY,士林美崙店,台北,士林區,台北市士林區美崙街7號,,,manual,2026-07-18
TPD475,COMEBUY,芝山店,台北,士林區,台北市士林區福華路164-1號,,,manual,2026-07-18
TPD476,COMEBUY,社子延平店,台北,士林區,台北市士林區延平北路六段59號,,,manual,2026-07-18
TPD477,COMEBUY,天母店,台北,士林區,台北市士林區天母西路3號1之29,,,manual,2026-07-18
TPD478,COMEBUY,文化店,台北,士林區,台北市士林區光華路26巷2弄2號,,,manual,2026-07-18
TPD479,茶湯會,芝山福華店,台北,士林區,台北市士林區福華路164巷8號,,,manual,2026-07-18
TPD480,茶湯會,士林中正店,台北,士林區,台北市士林區中正路235巷36號1樓,,,manual,2026-07-18
TPD481,珍煮丹,士林大北店,台北,士林區,台北市士林區大北路54號,,,manual,2026-07-18
TPD482,日出茶太,天母SOGO店,台北,士林區,台北市士林區中山北路六段77號8F,,,manual,2026-07-18
TPD483,大苑子,台北天母店,台北,士林區,台北市士林區天母西路11號,,,manual,2026-07-18
TPD484,大苑子,士林文林店,台北,士林區,台北市士林區文林路22號,,,manual,2026-07-18
TPD485,50嵐,新北投店,台北,北投區,台北市北投區光明路200-2號,,,manual,2026-07-18
TPD486,50嵐,北投店,台北,北投區,台北市北投區光明路21號,,,manual,2026-07-18
TPD487,50嵐,奇岩店,台北,北投區,台北市北投區崇仁路一段70號,,,manual,2026-07-18
TPD488,50嵐,石牌店,台北,北投區,台北市北投區裕民一路23號,,,manual,2026-07-18
TPD489,清心福全,北投中和店,台北,北投區,台北市北投區中和街331號,,,manual,2026-07-18
TPD490,清心福全,北投知行店,台北,北投區,台北市北投區知行路287號,,,manual,2026-07-18
TPD491,清心福全,北投致遠店,台北,北投區,台北市北投區尊賢街211號,,,manual,2026-07-18
TPD492,清心福全,北投中央北店,台北,北投區,台北市北投區中央北路四段511號,,,manual,2026-07-18
TPD493,清心福全,北投光明店,台北,北投區,台北市北投區光明路148號,,,manual,2026-07-18
TPD494,CoCo都可,北投中和店,台北,北投區,台北市北投區中和街280號,,,manual,2026-07-18
TPD495,CoCo都可,北投中央北店,台北,北投區,台北市北投區中央北路二段31號,,,manual,2026-07-18
TPD496,CoCo都可,北投中央南店,台北,北投區,台北市北投區中央南路一段124號,,,manual,2026-07-18
TPD497,CoCo都可,尊賢店,台北,北投區,台北市北投區尊賢街253號,,,manual,2026-07-18
TPD498,CoCo都可,石牌店,台北,北投區,台北市北投區東華街一段556號,,,manual,2026-07-18
TPD499,CoCo都可,關渡店,台北,北投區,台北市北投區知行路301號,,,manual,2026-07-18
TPD500,CoCo都可,台北自強店,台北,北投區,台北市北投區自強街101號,,,manual,2026-07-18
TPD501,迷客夏,臺北北投店,台北,北投區,台北市北投區中央南路一段1號,,,manual,2026-07-18
TPD502,迷客夏,臺北石牌店,台北,北投區,台北市北投區裕民一路40巷33號,,,manual,2026-07-18
TPD503,迷客夏,臺北榮總店,台北,北投區,台北市北投區石牌路二段201號中正樓生活廣場1樓,,,manual,2026-07-18
TPD504,迷客夏,臺北華碩店,台北,北投區,台北市北投區立德路115號3F,,,manual,2026-07-18
TPD505,迷客夏,臺北和碩店,台北,北投區,台北市北投區立德路150之3號B1,,,manual,2026-07-18
TPD506,麻古茶坊,北投中央店,台北,北投區,台北市北投區中央南路一段8號1樓,,,manual,2026-07-18
TPD507,龜記茗品,北投石牌店,台北,北投區,台北市北投區石牌路二段124號,,,manual,2026-07-18
TPD508,五桐號,台北北投石牌店,台北,北投區,台北市北投區石牌路二段62號,,,manual,2026-07-18
TPD509,可不可熟成紅茶,北投中和店,台北,北投區,台北市北投區中和街232號,,,manual,2026-07-18
TPD510,可不可熟成紅茶,石牌裕民店,台北,北投區,台北市北投區裕民一路11號,,,manual,2026-07-18
TPD511,可不可熟成紅茶,北投公館店,台北,北投區,台北市北投區公館路9號,,,manual,2026-07-18
TPD512,茶聚,北投尊賢店,台北,北投區,台北市北投區尊賢街209號,,,manual,2026-07-18
TPD513,COMEBUY,北投明德店,台北,北投區,台北市北投區明德路126號,,,manual,2026-07-18
TPD514,COMEBUY,北投吉利店,台北,北投區,台北市北投區吉利街114號,,,manual,2026-07-18
TPD515,COMEBUY,北投奇岩店,台北,北投區,台北市北投區三合街二段482號,,,manual,2026-07-18
TPD516,COMEBUY,石牌裕民店,台北,北投區,台北市北投區裕民二路2號,,,manual,2026-07-18
TPD517,COMEBUY,石牌路店,台北,北投區,台北市北投區石牌路二段201號,,,manual,2026-07-18
TPD518,COMEBUY,北投溫泉店,台北,北投區,台北市北投區光明路115號,,,manual,2026-07-18
TPD519,茶湯會,新北投光明店,台北,北投區,台北市北投區光明路214之1號,,,manual,2026-07-18
TPD520,珍煮丹,台北石牌店,台北,北投區,台北市北投區石牌路一段164之1號,,,manual,2026-07-18
TPD521,大苑子,北投光明店,台北,北投區,台北市北投區光明路200號,,,manual,2026-07-18
TPD522,大苑子,北投石牌店,台北,北投區,台北市北投區裕民一路43號,,,manual,2026-07-18
YLD523,清心福全,宜蘭中山店,宜蘭,宜蘭市,宜蘭縣宜蘭市中山路三段167號,,,manual,2026-07-18
YLD524,清心福全,宜蘭幾米公園店,宜蘭,宜蘭市,宜蘭縣宜蘭市宜興路一段236號,,,manual,2026-07-18
YLD525,清心福全,宜蘭東港店,宜蘭,宜蘭市,宜蘭縣宜蘭市東港路二段426號,,,manual,2026-07-18
YLD526,清心福全,宜蘭泰山店,宜蘭,宜蘭市,宜蘭縣宜蘭市泰山路235號,,,manual,2026-07-18
YLD527,清心福全,宜蘭舊城南店,宜蘭,宜蘭市,宜蘭縣宜蘭市舊城南路38號,,,manual,2026-07-18
YLD528,清心福全,羅東維揚店,宜蘭,羅東鎮,宜蘭縣羅東鎮維揚路72號,,,manual,2026-07-18
YLD529,清心福全,羅東站前店,宜蘭,羅東鎮,宜蘭縣羅東鎮公正路69號,,,manual,2026-07-18
YLD530,清心福全,羅東公正店,宜蘭,羅東鎮,宜蘭縣羅東鎮公正路289-3號,,,manual,2026-07-18
YLD531,清心福全,羅東興東店,宜蘭,羅東鎮,宜蘭縣羅東鎮中山路三段219號,,,manual,2026-07-18
YLD532,清心福全,羅東中正南店,宜蘭,羅東鎮,宜蘭縣羅東鎮中正南路133號,,,manual,2026-07-18
YLD533,清心福全,礁溪店,宜蘭,礁溪鄉,宜蘭縣礁溪鄉礁溪路五段2號,,,manual,2026-07-18
YLD534,清心福全,礁溪中山店,宜蘭,礁溪鄉,宜蘭縣礁溪鄉中山路二段180號,,,manual,2026-07-18
YLD535,清心福全,頭城青雲店,宜蘭,頭城鎮,宜蘭縣頭城鎮青雲路三段50號,,,manual,2026-07-18
YLD536,清心福全,頭城金面店,宜蘭,頭城鎮,宜蘭縣頭城鎮青雲路二段367號,,,manual,2026-07-18
YLD537,清心福全,蘇澳中山店,宜蘭,蘇澳鎮,宜蘭縣蘇澳鎮中山路一段151號,,,manual,2026-07-18
YLD538,清心福全,蘇澳江夏店,宜蘭,蘇澳鎮,宜蘭縣蘇澳鎮江夏路75號,,,manual,2026-07-18
YLD539,清心福全,蘇澳馬賽店,宜蘭,蘇澳鎮,宜蘭縣蘇澳鎮大同路25號,,,manual,2026-07-18
YLD540,清心福全,冬山店,宜蘭,冬山鄉,宜蘭縣冬山鄉冬山路一段1090號,,,manual,2026-07-18
YLD541,清心福全,五結店,宜蘭,五結鄉,宜蘭縣五結鄉五結路二段516號,,,manual,2026-07-18
YLD542,清心福全,三星店,宜蘭,三星鄉,宜蘭縣三星鄉三星路四段458號,,,manual,2026-07-18
YLD543,清心福全,壯圍店,宜蘭,壯圍鄉,宜蘭縣壯圍鄉壯五路323號,,,manual,2026-07-18
YLD544,CoCo都可,宜蘭店,宜蘭,宜蘭市,宜蘭縣宜蘭市中山路三段201號,,,manual,2026-07-18
YLD545,CoCo都可,宜蘭2店,宜蘭,宜蘭市,宜蘭縣宜蘭市神農路一段19號,,,manual,2026-07-18
YLD546,CoCo都可,宜蘭舊城店,宜蘭,宜蘭市,宜蘭縣宜蘭市舊城南路40號,,,manual,2026-07-18
YLD547,CoCo都可,羅東店,宜蘭,羅東鎮,宜蘭縣羅東鎮民生路120號,,,manual,2026-07-18
YLD548,CoCo都可,礁溪店,宜蘭,礁溪鄉,宜蘭縣礁溪鄉礁溪路五段70號,,,manual,2026-07-18
YLD549,CoCo都可,宜蘭五結店,宜蘭,五結鄉,宜蘭縣五結鄉五結路二段440號,,,manual,2026-07-18
YLD550,CoCo都可,蘇澳店,宜蘭,蘇澳鎮,宜蘭縣蘇澳鎮中山路一段76號,,,manual,2026-07-18
YLD551,CoCo都可,頭城店,宜蘭,頭城鎮,宜蘭縣頭城鎮青雲路三段169號,,,manual,2026-07-18
YLD552,CoCo都可,壯圍店,宜蘭,壯圍鄉,宜蘭縣壯圍鄉壯五路294號,,,manual,2026-07-18
YLD553,CoCo都可,冬山義成店,宜蘭,冬山鄉,宜蘭縣冬山鄉義成路三段403號,,,manual,2026-07-18
YLD554,迷客夏,宜蘭神農店,宜蘭,宜蘭市,宜蘭縣宜蘭市神農路一段8號,,,manual,2026-07-18
YLD555,迷客夏,宜蘭羅東店,宜蘭,羅東鎮,宜蘭縣羅東鎮公正路33號,,,manual,2026-07-18
YLD556,迷客夏,宜蘭礁溪店,宜蘭,礁溪鄉,宜蘭縣礁溪鄉德陽路17號,,,manual,2026-07-18
YLD557,麻古茶坊,宜蘭宜大店,宜蘭,宜蘭市,宜蘭縣宜蘭市進士路二段518號,,,manual,2026-07-18
YLD558,麻古茶坊,宜蘭中山店,宜蘭,宜蘭市,宜蘭縣宜蘭市中山路三段52號,,,manual,2026-07-18
YLD559,麻古茶坊,宜蘭礁溪店,宜蘭,礁溪鄉,宜蘭縣礁溪鄉礁溪路五段56號,,,manual,2026-07-18
YLD560,麻古茶坊,羅東公正店,宜蘭,羅東鎮,宜蘭縣羅東鎮公正路204號,,,manual,2026-07-18
YLD561,麻古茶坊,宜蘭東港店,宜蘭,宜蘭市,宜蘭縣宜蘭市東港路二段237號,,,manual,2026-07-18
YLD562,龜記茗品,宜蘭中山店,宜蘭,宜蘭市,宜蘭縣宜蘭市中山路三段196號,,,manual,2026-07-18
YLD563,龜記茗品,羅東公正店,宜蘭,羅東鎮,宜蘭縣羅東鎮公正路322號,,,manual,2026-07-18
YLD564,五桐號,宜蘭中山店,宜蘭,宜蘭市,宜蘭縣宜蘭市中山路三段163號,,,manual,2026-07-18
YLD565,五桐號,羅東公正店,宜蘭,羅東鎮,宜蘭縣羅東鎮公正路45號,,,manual,2026-07-18
YLD566,五桐號,羅東民權店,宜蘭,羅東鎮,宜蘭縣羅東鎮民權路151號,,,manual,2026-07-18
YLD567,五桐號,頭城店,宜蘭,頭城鎮,宜蘭縣頭城鎮青雲路三段82號,,,manual,2026-07-18
YLD568,一沐日,宜蘭羅東店,宜蘭,羅東鎮,宜蘭縣羅東鎮興東路103號,,,manual,2026-07-18
YLD569,可不可熟成紅茶,宜蘭中山店,宜蘭,宜蘭市,宜蘭縣宜蘭市中山路三段185號,,,manual,2026-07-18
YLD570,可不可熟成紅茶,羅東民權店,宜蘭,羅東鎮,宜蘭縣羅東鎮民權路169號,,,manual,2026-07-18
YLD571,茶的魔手,宜蘭民權新店,宜蘭,宜蘭市,宜蘭縣宜蘭市民權新路193號,,,manual,2026-07-18
YLD572,茶聚,羅東民權店,宜蘭,羅東鎮,宜蘭縣羅東鎮民權路21號,,,manual,2026-07-18
YLD573,茶聚,羅東中華店,宜蘭,羅東鎮,宜蘭縣羅東鎮中華路116號,,,manual,2026-07-18
YLD574,茶聚,冬山南興店,宜蘭,冬山鄉,宜蘭縣冬山鄉冬山路一段986巷12號,,,manual,2026-07-18
YLD575,COMEBUY,宜蘭中山店,宜蘭,宜蘭市,宜蘭縣宜蘭市中山路三段199號,,,manual,2026-07-18
YLD576,COMEBUY,宜蘭復興店,宜蘭,宜蘭市,宜蘭縣宜蘭市復興路一段127號1樓,,,manual,2026-07-18
YLD577,COMEBUY,宜蘭員山店,宜蘭,員山鄉,宜蘭縣員山鄉員山路一段203號,,,manual,2026-07-18
YLD578,COMEBUY,宜蘭壯圍店,宜蘭,壯圍鄉,宜蘭縣壯圍鄉壯五路293號,,,manual,2026-07-18
YLD579,COMEBUY,羅東夜市店,宜蘭,羅東鎮,宜蘭縣羅東鎮興東路8-1號,,,manual,2026-07-18
YLD580,COMEBUY,羅東站前店,宜蘭,羅東鎮,宜蘭縣羅東鎮公正路44號1樓,,,manual,2026-07-18
YLD581,COMEBUY,羅東羅商店,宜蘭,羅東鎮,宜蘭縣羅東鎮中山路四段299號,,,manual,2026-07-18
YLD582,COMEBUY,宜蘭冬山店,宜蘭,冬山鄉,宜蘭縣冬山鄉冬山路一段1080號,,,manual,2026-07-18
YLD583,COMEBUY,蘇澳江夏店,宜蘭,蘇澳鎮,宜蘭縣蘇澳鎮江夏路34號,,,manual,2026-07-18
YLD584,COMEBUY,宜蘭五結店,宜蘭,五結鄉,宜蘭縣五結鄉利成路一段17號,,,manual,2026-07-18
YLD585,COMEBUY,宜蘭頭城店,宜蘭,頭城鎮,宜蘭縣頭城鎮青雲路三段226號,,,manual,2026-07-18
YLD586,COMEBUY,宜蘭礁溪店,宜蘭,礁溪鄉,宜蘭縣礁溪鄉中山路二段160號,,,manual,2026-07-18
YLD587,茶湯會,羅東中正北店,宜蘭,羅東鎮,宜蘭縣羅東鎮中正北路14號,,,manual,2026-07-18
YLD588,鮮茶道,宜蘭復興店,宜蘭,宜蘭市,宜蘭縣宜蘭市復興路二段17號1樓,,,manual,2026-07-18
YLD589,鮮茶道,宜蘭家樂福店,宜蘭,宜蘭市,宜蘭縣宜蘭市民權路二段38巷2號B2,,,manual,2026-07-18
YLD590,鮮茶道,宜蘭東港店,宜蘭,宜蘭市,宜蘭縣宜蘭市東港路二段380號1F,,,manual,2026-07-18
YLD591,鮮茶道,宜蘭礁溪店,宜蘭,礁溪鄉,宜蘭縣礁溪鄉中山路二段198號,,,manual,2026-07-18
YLD592,鮮茶道,三星上將店,宜蘭,三星鄉,宜蘭縣三星鄉上將路三段145號,,,manual,2026-07-18
YLD593,鮮茶道,羅東南昌店,宜蘭,羅東鎮,宜蘭縣羅東鎮站前南路183號,,,manual,2026-07-18
YLD594,鮮茶道,羅東竹林店,宜蘭,羅東鎮,宜蘭縣羅東鎮復興路二段115號,,,manual,2026-07-18
YLD595,鮮茶道,五結利成店,宜蘭,五結鄉,宜蘭縣五結鄉利成路一段1號,,,manual,2026-07-18
YLD596,鮮茶道,宜蘭蘇澳店,宜蘭,蘇澳鎮,宜蘭縣蘇澳鎮中山路一段20號,,,manual,2026-07-18
YLD597,鮮茶道,蘇澳馬賽店,宜蘭,蘇澳鎮,宜蘭縣蘇澳鎮大同路65號1樓,,,manual,2026-07-18
YLD598,鮮茶道,南澳站前店,宜蘭,蘇澳鎮,宜蘭縣蘇澳鎮大通路48號,,,manual,2026-07-18
YLD599,鮮茶道,冬山店,宜蘭,冬山鄉,宜蘭縣冬山鄉冬山路17號,,,manual,2026-07-18
YLD600,鮮茶道,冬山義成店,宜蘭,冬山鄉,宜蘭縣冬山鄉義成路三段373號,,,manual,2026-07-18
YLD601,老虎堂,宜蘭羅東店,宜蘭,羅東鎮,宜蘭縣羅東鎮民權路67號,,,manual,2026-07-18
TYD602,50嵐,楊梅大成店,桃園,楊梅區,桃園市楊梅區大成路204號,24.91254,121.14591,johnny,2026-07-19
TYD603,50嵐,埔心中興店,桃園,楊梅區,桃園市楊梅區中興路103號,24.91421,121.18567,johnny,2026-07-19
TYD604,清心福全,楊梅大成店,桃園,楊梅區,桃園市楊梅區大成路186號,24.91192,121.14392,johnny,2026-07-19
TYD605,清心福全,楊梅環南店,桃園,楊梅區,桃園市楊梅區環南路180號1樓,,,manual,2026-07-18
TYD606,清心福全,楊梅環東店,桃園,楊梅區,桃園市楊梅區環東路470號,,,manual,2026-07-18
TYD607,清心福全,楊梅文化店,桃園,楊梅區,桃園市楊梅區文化街238號,,,manual,2026-07-18
TYD608,清心福全,楊梅青山店,桃園,楊梅區,桃園市楊梅區青山一街11號,,,manual,2026-07-18
TYD609,清心福全,楊梅水美店,桃園,楊梅區,桃園市楊梅區楊新路二段11號,,,manual,2026-07-18
TYD610,CoCo都可,楊梅大成店,桃園,楊梅區,桃園市楊梅區大成路10之1號,24.91485,121.14691,johnny,2026-07-19
TYD611,CoCo都可,埔心中興店,桃園,楊梅區,桃園市楊梅區中興路81號,,,manual,2026-07-18
TYD612,CoCo都可,楊梅梅獅店,桃園,楊梅區,桃園市楊梅區梅獅路二段182號1樓,,,manual,2026-07-18
TYD613,CoCo都可,楊梅富岡店,桃園,楊梅區,桃園市楊梅區中正路84號1樓,,,manual,2026-07-18
TYD614,迷客夏,桃園楊梅店,桃園,楊梅區,桃園市楊梅區大成路122號,,,manual,2026-07-18
TYD615,迷客夏,桃園楊梅埔心店,桃園,楊梅區,桃園市楊梅區中興路109號,,,manual,2026-07-18
TYD616,麻古茶坊,楊梅新農店,桃園,楊梅區,桃園市楊梅區新農街521號,,,manual,2026-07-18
TYD617,麻古茶坊,楊梅文化店,桃園,楊梅區,桃園市楊梅區文化街167號,24.91488,121.18122,johnny,2026-07-19
TYD618,茶聚,楊梅大成店,桃園,楊梅區,桃園市楊梅區大成路164號,,,manual,2026-07-18
TYD619,COMEBUY,楊梅大成店,桃園,楊梅區,桃園市楊梅區大成路118號,24.91312,121.14488,johnny,2026-07-19
TYD620,COMEBUY,楊梅文化店,桃園,楊梅區,桃園市楊梅區文化街181號,24.91442,121.18105,johnny,2026-07-19
TYD621,茶湯會,楊梅大成店,桃園,楊梅區,桃園市楊梅區大成路10號,,,manual,2026-07-18
TYD622,可不可熟成紅茶,楊梅大成店,桃園,楊梅區,桃園市楊梅區大成路96號,,,manual,2026-07-18
TYD623,五桐號,楊梅大成店,桃園,楊梅區,桃園市楊梅區大成路142號,,,manual,2026-07-18
TYD624,五桐號,楊梅文化店,桃園,楊梅區,桃園市楊梅區文化街187號,,,manual,2026-07-18
TYD625,龜記茗品,楊梅大成店,桃園,楊梅區,桃園市楊梅區大成路145號,24.91248,121.14422,johnny,2026-07-19
TYD626,龜記茗品,埔心文化店,桃園,楊梅區,桃園市楊梅區文化街228號,,,manual,2026-07-18
MLD627,50嵐,苗栗中正店,苗栗,苗栗市,苗栗縣苗栗市中正路1077號,,,manual,2026-07-18
MLD628,50嵐,苗栗府前店,苗栗,苗栗市,苗栗縣苗栗市府前路86-2號,,,manual,2026-07-18
MLD629,50嵐,苗栗為公店,苗栗,苗栗市,苗栗縣苗栗市為公路156號,,,manual,2026-07-18
MLD630,50嵐,頭份建國店,苗栗,頭份市,苗栗縣頭份市建國路77號,,,manual,2026-07-18
MLD631,50嵐,頭份斗煥坪店,苗栗,頭份市,苗栗縣頭份市中正一路718號,,,manual,2026-07-18
MLD632,50嵐,竹南中正店,苗栗,竹南鎮,苗栗縣竹南鎮中正路263-1號,,,manual,2026-07-18
MLD633,50嵐,竹南光復店,苗栗,竹南鎮,苗栗縣竹南鎮光復路133號,,,manual,2026-07-18
MLD634,50嵐,苗栗苑裡店,苗栗,苑裡鎮,苗栗縣苑裡鎮為公路85號,,,manual,2026-07-18
MLD635,50嵐,苗栗公館店,苗栗,公館鄉,苗栗縣公館鄉館中村大同路231-5號,,,manual,2026-07-18
MLD636,清心福全,苗栗中正店,苗栗,苗栗市,苗栗縣苗栗市中正路1062號,,,manual,2026-07-18
MLD637,清心福全,苗栗府前店,苗栗,苗栗市,苗栗縣苗栗市府前路105號,,,manual,2026-07-18
MLD638,清心福全,苗栗為公店,苗栗,苗栗市,苗栗縣苗栗市為公路222號,,,manual,2026-07-18
MLD639,清心福全,公館大同店,苗栗,公館鄉,苗栗縣公館鄉玉泉村大同路362號,,,manual,2026-07-18
MLD640,清心福全,三義勝興店,苗栗,三義鄉,苗栗縣三義鄉中正路170-5號,,,manual,2026-07-18
MLD641,清心福全,大湖富興店,苗栗,大湖鄉,苗栗縣大湖鄉富興村八寮灣25號,,,manual,2026-07-18
MLD642,清心福全,竹南民治店,苗栗,竹南鎮,苗栗縣竹南鎮民治街42號,,,manual,2026-07-18
MLD643,清心福全,竹南龍山店,苗栗,竹南鎮,苗栗縣竹南鎮龍山路三段171號,,,manual,2026-07-18
MLD644,清心福全,竹南中華店,苗栗,竹南鎮,苗栗縣竹南鎮中華路105號,,,manual,2026-07-18
MLD645,清心福全,竹南光復店,苗栗,竹南鎮,苗栗縣竹南鎮光復路204號,,,manual,2026-07-18
MLD646,清心福全,竹南博愛店,苗栗,竹南鎮,苗栗縣竹南鎮博愛街160號,,,manual,2026-07-18
MLD647,清心福全,卓蘭中山店,苗栗,卓蘭鎮,苗栗縣卓蘭鎮中山路89號,,,manual,2026-07-18
MLD648,清心福全,苑裡站前店,苗栗,苑裡鎮,苗栗縣苑裡鎮為公路58號,,,manual,2026-07-18
MLD649,清心福全,苑裡世界店,苗栗,苑裡鎮,苗栗縣苑裡鎮新興路118號,,,manual,2026-07-18
MLD650,清心福全,銅鑼中正店,苗栗,銅鑼鄉,苗栗縣銅鑼鄉中正路162-1號,,,manual,2026-07-18
MLD651,清心福全,頭份中正店,苗栗,頭份市,苗栗縣頭份市中正一路507號,,,manual,2026-07-18
MLD652,清心福全,頭份建國店,苗栗,頭份市,苗栗縣頭份市建國路85號,,,manual,2026-07-18
MLD653,清心福全,後龍三民店,苗栗,後龍鎮,苗栗縣後龍鎮三民路121號,,,manual,2026-07-18
MLD654,清心福全,通霄中山店,苗栗,通霄鎮,苗栗縣通霄鎮通西里中山路165號,,,manual,2026-07-18
MLD655,清心福全,頭屋尖豐店,苗栗,頭屋鄉,苗栗縣頭屋鄉尖豐路128號,,,manual,2026-07-18
MLD656,CoCo都可,苗栗府前店,苗栗,苗栗市,苗栗縣苗栗市建功里府前路133號,,,manual,2026-07-18
MLD657,CoCo都可,南苗中正店,苗栗,苗栗市,苗栗縣苗栗市高苗里中正路886號,,,manual,2026-07-18
MLD658,CoCo都可,苗栗正發店,苗栗,苗栗市,苗栗縣苗栗市北苗里正發路35號,,,manual,2026-07-18
MLD659,CoCo都可,苗栗至公店,苗栗,苗栗市,苗栗縣苗栗市至公路140號,,,manual,2026-07-18
MLD660,CoCo都可,頭份建國店,苗栗,頭份市,苗栗縣頭份市忠孝里建國路57號,,,manual,2026-07-18
MLD661,CoCo都可,頭份中正店,苗栗,頭份市,苗栗縣頭份市頭份里中正路190號,,,manual,2026-07-18
MLD662,CoCo都可,頭份中正二店,苗栗,頭份市,苗栗縣頭份市和平里中正路12號,,,manual,2026-07-18
MLD663,CoCo都可,頭份信義店,苗栗,頭份市,苗栗縣頭份市民族里信義路89號,,,manual,2026-07-18
MLD664,CoCo都可,頭份文化店,苗栗,頭份市,苗栗縣頭份市文化里文化街155號,,,manual,2026-07-18
MLD665,CoCo都可,頭份斗煥坪店,苗栗,頭份市,苗栗縣頭份市中正二路198號,,,manual,2026-07-18
MLD666,CoCo都可,竹南光復店,苗栗,竹南鎮,苗栗縣竹南鎮照南里光復路182號,,,manual,2026-07-18
MLD667,CoCo都可,竹南民族店,苗栗,竹南鎮,苗栗縣竹南鎮竹南里民族街69-2號,,,manual,2026-07-18
MLD668,CoCo都可,竹南博愛店,苗栗,竹南鎮,苗栗縣竹南鎮中華里博愛街279號,,,manual,2026-07-18
MLD669,CoCo都可,三義店,苗栗,三義鄉,苗栗縣三義鄉廣盛村中正路168號,,,manual,2026-07-18
MLD670,CoCo都可,苑裡店,苗栗,苑裡鎮,苗栗縣苑裡鎮苑南里為公路67號,,,manual,2026-07-18
MLD671,CoCo都可,通霄店,苗栗,通霄鎮,苗栗縣通霄鎮通西里中山路145號,,,manual,2026-07-18
MLD672,CoCo都可,銅鑼中正店,苗栗,銅鑼鄉,苗栗縣銅鑼鄉銅鑼村中正路162號,,,manual,2026-07-18
MLD673,CoCo都可,公館店,苗栗,公館鄉,苗栗縣公館鄉館中村大同路225號,,,manual,2026-07-18
MLD674,CoCo都可,後龍店,苗栗,後龍鎮,苗栗縣後龍鎮北龍里成功路7號,,,manual,2026-07-18
MLD675,迷客夏,苗栗府前店,苗栗,苗栗市,苗栗縣苗栗市建功里府前路99號1樓,,,manual,2026-07-18
MLD676,迷客夏,苗栗頭份建國店,苗栗,頭份市,苗栗縣頭份市蟠桃里建國路二段130號,,,manual,2026-07-18
MLD677,迷客夏,苗栗竹南光復店,苗栗,竹南鎮,苗栗縣竹南鎮照南里光復路139號,,,manual,2026-07-18
MLD678,迷客夏,苗栗苑裡店,苗栗,苑裡鎮,苗栗縣苑裡鎮苑南里和平路128號1樓,,,manual,2026-07-18
MLD679,麻古茶坊,頭份尚順店,苗栗,頭份市,苗栗縣頭份市東庄里東民一街2號,,,manual,2026-07-18
MLD680,麻古茶坊,頭份文化店,苗栗,頭份市,苗栗縣頭份市山下里文化街186號,,,manual,2026-07-18
MLD681,麻古茶坊,苗栗府前店,苗栗,苗栗市,苗栗縣苗栗市福麗里至公路156號,,,manual,2026-07-18
MLD682,麻古茶坊,苗栗為公店,苗栗,苗栗市,苗栗縣苗栗市清華里為公路138號,,,manual,2026-07-18
MLD683,麻古茶坊,竹南博愛店,苗栗,竹南鎮,苗栗縣竹南鎮照南里博愛街22號,,,manual,2026-07-18
MLD684,龜記茗品,頭份尚順店,苗栗,頭份市,苗栗縣頭份市東民二街6號1樓,,,manual,2026-07-18
MLD685,龜記茗品,苗栗府前店,苗栗,苗栗市,苗栗縣苗栗市府前路173號1樓,,,manual,2026-07-18
MLD686,龜記茗品,竹南博愛店,苗栗,竹南鎮,苗栗縣竹南鎮博愛街155號1樓,,,manual,2026-07-18
MLD687,龜記茗品,苑裡為公店,苗栗,苑裡鎮,苗栗縣苑裡鎮為公路62號,,,manual,2026-07-18
MLD688,五桐號,苗栗頭份尚順店,苗栗,頭份市,苗栗縣頭份市東民二街10號,,,manual,2026-07-18
MLD689,五桐號,苗栗苑裡店,苗栗,苑裡鎮,苗栗縣苑裡鎮天下路55號,,,manual,2026-07-18
MLD690,五桐號,苗栗府前店,苗栗,苗栗市,苗栗縣苗栗市府前路99號,,,manual,2026-07-18
MLD691,一沐日,頭份建國店,苗栗,頭份市,苗栗縣頭份市建國路185號,,,manual,2026-07-18
MLD692,一沐日,竹南光復店,苗栗,竹南鎮,苗栗縣竹南鎮光復路177號,,,manual,2026-07-18
MLD693,可不可熟成紅茶,苗栗府前店,苗栗,苗栗市,苗栗縣苗栗市府前路138號,,,manual,2026-07-18
MLD694,可不可熟成紅茶,苗栗中正店,苗栗,苗栗市,苗栗縣苗栗市中正路1071號,,,manual,2026-07-18
MLD695,可不可熟成紅茶,頭份建國店,苗栗,頭份市,苗栗縣頭份市建國路178號,,,manual,2026-07-18
MLD696,可不可熟成紅茶,頭份尚順店,苗栗,頭份市,苗栗縣頭份市東民二街1號,,,manual,2026-07-18
MLD697,可不可熟成紅茶,竹南博愛店,苗栗,竹南鎮,苗栗縣竹南鎮博愛街74號,,,manual,2026-07-18
MLD698,可不可熟成紅茶,苗栗苑裡店,苗栗,苑裡鎮,苗栗縣苑裡鎮為公路48號,,,manual,2026-07-18
MLD699,茶聚,苗栗新苗店,苗栗,苗栗市,苗栗縣苗栗市新苗街91號,,,manual,2026-07-18
MLD700,茶聚,頭份中央店,苗栗,頭份市,苗栗縣頭份市中央路146號,,,manual,2026-07-18
MLD701,茶聚,苗栗後龍店,苗栗,後龍鎮,苗栗縣後龍鎮中龍里中北街250之7號,,,manual,2026-07-18
MLD702,茶湯會,苗栗新中正店,苗栗,苗栗市,苗栗縣苗栗市中正路925號1樓,,,manual,2026-07-18
MLD703,茶湯會,竹南立達店,苗栗,竹南鎮,苗栗縣竹南鎮照南里立達街6號,,,manual,2026-07-18
MLD704,茶湯會,苑裡為公店,苗栗,苑裡鎮,苗栗縣苑裡鎮苑南里為公路73號,,,manual,2026-07-18
MLD705,茶湯會,頭份中正店,苗栗,頭份市,苗栗縣頭份市中正路43號1樓,,,manual,2026-07-18
MLD706,茶湯會,頭份建國店,苗栗,頭份市,苗栗縣頭份市建國路63號,,,manual,2026-07-18
MLD707,鮮茶道,竹南博愛店,苗栗,竹南鎮,苗栗縣竹南鎮博愛街139號,,,manual,2026-07-18
MLD708,鮮茶道,苗栗中苗店,苗栗,苗栗市,苗栗縣苗栗市中山路596號,,,manual,2026-07-18
MLD709,珍煮丹,苗栗竹南店,苗栗,竹南鎮,苗栗縣竹南鎮照南里博愛街44號1樓,,,manual,2026-07-18
MLD710,珍煮丹,苗栗竹南科專店,苗栗,竹南鎮,苗栗縣竹南鎮科專七路448號,,,manual,2026-07-18
MLD711,大苑子,苗栗中正店,苗栗,苗栗市,苗栗縣苗栗市中正路921號,,,manual,2026-07-18
MLD712,大苑子,苗栗府前店,苗栗,苗栗市,苗栗縣苗栗市府前路173號,,,manual,2026-07-18
MLD713,大苑子,竹南博愛店,苗栗,竹南鎮,苗栗縣竹南鎮照南里博愛街188號,,,manual,2026-07-18
MLD714,大苑子,頭份中正店,苗栗,頭份市,苗栗縣頭份市中正路55號,,,manual,2026-07-18
MLD715,大苑子,苑裡店,苗栗,苑裡鎮,苗栗縣苑裡鎮苑南里天下路71號,,,manual,2026-07-18
TY716,50嵐,楊梅新農店,桃園,楊梅區,桃園市楊梅區新農街265號,24.90998,121.15545,johnny,2026-07-19
TY717,50嵐,楊梅萬大店,桃園,楊梅區,桃園市楊梅區萬大路136號,24.91745,121.17932,johnny,2026-07-19
TY718,UG,楊梅大成店,桃園,楊梅區,桃園市楊梅區大成路137號,24.91266,121.14441,johnny,2026-07-19
TY719,Go,ba 自然湉 楊梅大成店,桃園,楊梅區,桃園市楊梅區大成路205號,24.91187,121.14385,johnny,2026-07-19
TY720,茗茗究市,桃園旗艦店,桃園,楊梅區,桃園市楊梅區大成路37號,24.91386,121.14583,johnny,2026-07-19
TY721,茂昌草本茶,楊梅楊新店,桃園,楊梅區,桃園市楊梅區楊新路78號,24.91458,121.14652,johnny,2026-07-19
TY722,花火禾茶,はなび 製茶所,桃園,楊梅區,桃園市楊梅區新農街357號,24.91032,121.15786,johnny,2026-07-19
TY723,功夫茶,KUNGFUTEA 楊梅四維店,桃園,楊梅區,桃園市楊梅區四維路90號,24.91523,121.18042,johnny,2026-07-19
TY724,金茶伍手作飲品,楊梅瑞溪門市,桃園,楊梅區,桃園市楊梅區瑞溪路二段215號1樓,24.91316,121.17387,johnny,2026-07-19
TY725,吾奶王,桃園楊梅店,桃園,楊梅區,桃園市楊梅區梅獅路二段95號,24.91892,121.18231,johnny,2026-07-19
TY726,得正,楊梅大成計劃,桃園,楊梅區,桃園市楊梅區大成路177號,24.91201,121.14408,johnny,2026-07-19
TY727,茶聚CHAGE,楊梅大成店,桃園,楊梅區,桃園市楊梅區大成路164號,24.91218,121.14412,johnny,2026-07-19
TY728,五桐號WooTEA,楊梅大成店,桃園,楊梅區,桃園市楊梅區大成路142號,24.91255,121.14436,johnny,2026-07-19
TY729,萬波島嶼紅茶,楊梅大成店,桃園,楊梅區,桃園市楊梅區大成路136號,24.91271,121.14445,johnny,2026-07-19
TY730,迷客夏Milksha,桃園楊梅店,桃園,楊梅區,桃園市楊梅區大成路122號,24.91301,121.14472,johnny,2026-07-19
TY731,可不可熟成茶行,楊梅大成店,桃園,楊梅區,桃園市楊梅區大成路96號,24.91345,121.14521,johnny,2026-07-19
TY732,TEA,TOP第一味 楊梅大成店,桃園,楊梅區,桃園市楊梅區大成路188號,24.91185,121.14388,johnny,2026-07-19
TY733,林三茶研所,楊梅大成店,桃園,楊梅區,桃園市楊梅區大成路232號,24.91132,121.14311,johnny,2026-07-19
TY734,上宇林,楊梅大成店,桃園,楊梅區,桃園市楊梅區大成路138號,24.91265,121.14438,johnny,2026-07-19
TY735,思茶MissingTea,桃園楊梅店,桃園,楊梅區,桃園市楊梅區大華街32號,24.91315,121.14612,johnny,2026-07-19
TY736,鮮茶道,楊梅楊新北店,桃園,楊梅區,桃園市楊梅區楊新北路391號,24.91811,121.14925,johnny,2026-07-19
TY737,蓋胖杯茶飲,,桃園,楊梅區,桃園市楊梅區新成路12號,24.91402,121.14498,johnny,2026-07-19
TY738,先喝道,桃園楊梅店,桃園,楊梅區,桃園市楊梅區環東路441號,24.91433,121.15412,johnny,2026-07-19
TY739,Tea's原味,楊梅新農店,桃園,楊梅區,桃園市楊梅區新農街二段52號,24.90855,121.16112,johnny,2026-07-19
TY740,迷客夏Milksha,桃園楊梅埔心店,桃園,楊梅區,桃園市楊梅區中興路109號,24.91411,121.18512,johnny,2026-07-19
TY741,茶詠春,楊梅埔心店,桃園,楊梅區,桃園市楊梅區中興路12號,24.91522,121.18688,johnny,2026-07-19
TY742,鮮茶道,埔心站前店,桃園,楊梅區,桃園市楊梅區中興路6號,24.91544,121.18712,johnny,2026-07-19
TY743,紅茶大苑,埔心店,桃園,楊梅區,桃園市楊梅區中興路15號1樓,24.91515,121.18665,johnny,2026-07-19
TY744,五桐號WooTEA,楊梅文化店,桃園,楊梅區,桃園市楊梅區文化街187號,24.91425,121.18095,johnny,2026-07-19
TY745,紅茶巴士,楊梅文化站,桃園,楊梅區,桃園市楊梅區文化街203號,24.91388,121.18045,johnny,2026-07-19
TY746,龜記,埔心文化店,桃園,楊梅區,桃園市楊梅區文化街228號,24.91312,121.17988,johnny,2026-07-19
TY747,可不可熟成茶行,埔心文化店,桃園,楊梅區,桃園市楊梅區文化街252號,24.91233,121.17912,johnny,2026-07-19
TY748,食茶,特色茶飲,桃園,楊梅區,桃園市楊梅區成功路38號,24.93512,121.09015,johnny,2026-07-19
