id,name,county,district,address,lat,lng,category,tags,openDays,location,description,source,updated_at
KL001,基隆廟口夜市,基隆,仁愛區,基隆市仁愛區仁三路與愛四路之間,,,夜市,,每日,基隆市仁愛區仁三路與愛四路之間,基隆最具代表性的夜市，以各式海鮮小吃聞名，奠濟宮周邊形成近百攤的美食聚集地。,manual,2026-07-18
KL002,八斗子夜市,基隆,中正區,基隆市中正區北寧路沿線,,,夜市,,週六日,基隆市中正區北寧路沿線,鄰近八斗子漁港的週末夜市，可同時享受新鮮海產與海港風情。,manual,2026-07-18
KL003,七堵夜市,基隆,七堵區,基隆市七堵區南興路、百三街口一帶,,,夜市,,每日,基隆市七堵區南興路、百三街口一帶,基隆七堵區在地夜市，以平價小吃與日常用品為主，富有在地生活氣息。,manual,2026-07-18
TP004,士林夜市,台北,士林區,台北市士林區文林路、大東路、基河路一帶,,,夜市,,每日,台北市士林區文林路、大東路、基河路一帶,台北最大最知名的觀光夜市，涵蓋美食、服飾、遊戲等多元攤位，吸引大量國內外遊客。,manual,2026-07-18
TP005,華西街夜市,台北,萬華區,台北市萬華區華西街,,,夜市,,每日,台北市萬華區華西街,台灣首座觀光夜市，以蛇肉、鱉肉等特色小吃聞名，承載萬華老城區的歷史記憶。,manual,2026-07-18
TP006,艋舺夜市,台北,萬華區,台北市萬華區梧州街、廣州街一帶,,,夜市,,每日,台北市萬華區梧州街、廣州街一帶,位於萬華老街的傳統夜市，保留濃厚的在地文化與平價美食特色。,manual,2026-07-18
TP007,饒河街觀光夜市,台北,松山區,台北市松山區饒河街,,,夜市,,每日,台北市松山區饒河街,台北知名觀光夜市，慈祐宮前燈籠高掛，以胡椒餅、藥燉排骨等美食聞名。,manual,2026-07-18
TP008,公館夜市,台北,大安區,台北市大安區公館商圈、汀州路一帶,,,夜市,,每日,台北市大安區公館商圈、汀州路一帶,台大與師大學生的美食天堂，融合東南亞異國料理與台灣傳統小吃。,manual,2026-07-18
TP009,南機場觀光夜市,台北,中正區,台北市中正區中華路二段、南機場公寓一帶,,,夜市,,每日,台北市中正區中華路二段、南機場公寓一帶,台北隱藏版美食夜市，以高CP值在地小吃聞名，深受美食愛好者推崇。,manual,2026-07-18
TP010,師大夜市,台北,大安區,台北市大安區師大路、龍泉街一帶,,,夜市,,每日,台北市大安區師大路、龍泉街一帶,師大周邊的學生型夜市，以異國美食、平價服飾與文創小店為特色。,manual,2026-07-18
TP011,臨江街觀光夜市,台北,大安區,台北市大安區臨江街、通化街一帶,,,夜市,,每日,台北市大安區臨江街、通化街一帶,通化街夜市，台北東區的傳統夜市，以多樣化的在地小吃與日常採買聞名。,manual,2026-07-18
TP012,寧夏夜市,台北,大同區,台北市大同區寧夏路,,,夜市,,每日,台北市大同區寧夏路,以傳統台灣小吃為主軸的夜市，曾獲台北夜市評鑑第一名，懷舊氛圍濃厚。,manual,2026-07-18
TP013,大龍街夜市,台北,大同區,台北市大同區大龍街,,,夜市,,每日,台北市大同區大龍街,鄰近孔廟的小型夜市，以客家美食與傳統小吃為主，富有文化氣息。,manual,2026-07-18
TP014,延三夜市,台北,大同區,台北市大同區延平北路三段,,,夜市,,每日,台北市大同區延平北路三段,大橋頭站旁的傳統夜市，保留老台北風味，以汕頭麵、蝦仁蛋等在地美食聞名。,manual,2026-07-18
TP015,景美夜市,台北,文山區,台北市文山區景文街與景興路一帶,,,夜市,,每日,台北市文山區景文街與景興路一帶,文山區的學生型夜市，以平價美食為主，鄰近景美捷運站交通便利。,manual,2026-07-18
TP016,雙城街夜市,台北,中山區,台北市中山區雙城街、農安街一帶,,,夜市,,每日,台北市中山區雙城街、農安街一帶,中山區的傳統夜市，以在地美食與日常用品為主，鄰近晴光市場。,manual,2026-07-18
TP017,遼寧街夜市,台北,中山區,台北市中山區遼寧街,,,夜市,,每日,台北市中山區遼寧街,中山區的小型夜市，以海產店與熱炒店聞名，富有在地人生活氣息。,manual,2026-07-18
TP018,石牌夜市,台北,北投區,台北市北投區石牌路一段、自強街一帶,,,夜市,,每日,台北市北投區石牌路一段、自強街一帶,北投區的在地夜市，以傳統小吃與市場採買為主，深受當地居民喜愛。,manual,2026-07-18
TP019,林口街夜市,台北,信義區,台北市信義區林口街,,,夜市,,每日,台北市信義區林口街,信義計畫區旁的平價夜市，以日常小吃與服飾為主，是在地人覓食好去處。,manual,2026-07-18
TP020,737夜市,台北,內湖區,台北市內湖區內湖路一段737巷,,,夜市,,每日,台北市內湖區內湖路一段737巷,內湖科學園區旁的巷弄夜市，以上班族與居民客群為主，平價美食豐富。,manual,2026-07-18
TP021,社子夜市,台北,士林區,台北市士林區社子街、社中街一帶,,,夜市,,每日,台北市士林區社子街、社中街一帶,社子島的在地夜市，以傳統市場與小吃攤為主，保有純樸風貌。,manual,2026-07-18
NTP022,樂華夜市,新北,永和區,新北市永和區永平路、保平路一帶,,,夜市,,每日,新北市永和區永平路、保平路一帶,永和最具規模的夜市，以多樣化美食與服飾聞名，是新南夜市的代表。,manual,2026-07-18
NTP023,湳雅夜市,新北,板橋區,新北市板橋區南雅東路、南雅西路一帶,,,夜市,,每日,新北市板橋區南雅東路、南雅西路一帶,板橋最早開發的夜市，以傳統美食與日常百貨聞名，富有在地歷史風味。,manual,2026-07-18
NTP024,裕民夜市,新北,板橋區,新北市板橋區裕民路、四川路一帶,,,夜市,,每日,新北市板橋區裕民路、四川路一帶,板橋新興夜市，鄰近新板特區，以年輕客群與多樣美食聞名。,manual,2026-07-18
NTP025,三和夜市,新北,三重區,新北市三重區三和路、自强路一帶,,,夜市,,每日,新北市三重區三和路、自强路一帶,三重區的主要夜市，以傳統小吃與日常用品為主，是在地人的覓食好去處。,manual,2026-07-18
NTP026,中和興南夜市,新北,中和區,新北市中和區興南路、景新街一帶,,,夜市,,每日,新北市中和區興南路、景新街一帶,中和區的傳統夜市，以平價美食與日常採買為主，富有在地生活氣息。,manual,2026-07-18
NTP027,樹林興仁花園夜市,新北,樹林區,新北市樹林區興仁街、保安街一帶,,,夜市,,週三五日,新北市樹林區興仁街、保安街一帶,新北大型花園夜市，以大面積、多攤位聞名，週末吸引大量人潮。,manual,2026-07-18
NTP028,樹林夜市,新北,樹林區,新北市樹林區樹新路、中山路一帶,,,夜市,,每日,新北市樹林區樹新路、中山路一帶,樹林區的傳統夜市，以日常小吃與市場採買為主，是在地人生活圈。,manual,2026-07-18
NTP029,新莊廟街夜市,新北,新莊區,新北市新莊區新莊路、景德路一帶,,,夜市,,每日,新北市新莊區新莊路、景德路一帶,新莊老街周邊的夜市，以傳統美食與歷史文化聞名，鄰近慈祐宮。,manual,2026-07-18
NTP030,蘆洲廟口夜市,新北,蘆洲區,新北市蘆洲區湧蓮寺前、成功路一帶,,,夜市,,每日,新北市蘆洲區湧蓮寺前、成功路一帶,蘆洲湧蓮寺前的夜市，以傳統小吃與宗教文化結合為特色。,manual,2026-07-18
NTP031,淡水英專夜市,新北,淡水區,新北市淡水區英專路、學府路一帶,,,夜市,,每日,新北市淡水區英專路、學府路一帶,淡水真理大學旁的學生夜市，以平價美食聞名，鄰近淡水老街。,manual,2026-07-18
NTP032,汐止觀光夜市,新北,汐止區,新北市汐止區連興路、新台五路一帶,,,夜市,,每日,新北市汐止區連興路、新台五路一帶,汐止區的觀光夜市，以多樣化美食與日常用品為主，服務當地居民。,manual,2026-07-18
NTP033,金山夜市,新北,金山區,新北市金山區金包里街、中山路一帶,,,夜市,,週二六,新北市金山區金包里街、中山路一帶,金山老街的週末夜市，以金山鴨肉聞名，結合溫泉與老街文化。,manual,2026-07-18
NTP034,鶯歌夜市,新北,鶯歌區,新北市鶯歌區陶瓷老街、文化路一帶,,,夜市,,週六,新北市鶯歌區陶瓷老街、文化路一帶,鶯歌陶瓷老街的週末夜市，結合陶瓷文化與在地美食，富有藝術氣息。,manual,2026-07-18
NTP035,林口夜市,新北,林口區,新北市林口區文化北路、麗園路一帶,,,夜市,,週三日,新北市林口區文化北路、麗園路一帶,林口區的週末夜市，以平價美食與日常用品為主，服務新興社區居民。,manual,2026-07-18
NTP036,深坑慈聖夜市,新北,深坑區,新北市深坑區深坑街、北深路一帶,,,夜市,,週二五,新北市深坑區深坑街、北深路一帶,深坑老街的週末夜市，以豆腐料理聞名，結合老街與自然景觀。,manual,2026-07-18
TY037,桃園觀光夜市,桃園,桃園區,桃園市桃園區中正路、北埔路一帶,,,夜市,,每日,桃園市桃園區中正路、北埔路一帶,桃園市最大的觀光夜市，以多樣化美食與遊戲攤位聞名，深受當地居民喜愛。,manual,2026-07-18
TY038,中壢觀光夜市,桃園,中壢區,桃園市中壢區新明路、中央西路一帶,,,夜市,,每日,桃園市中壢區新明路、中央西路一帶,中壢區的主要夜市，以傳統小吃與日常用品為主，是在地人的覓食好去處。,manual,2026-07-18
TY039,中原夜市,桃園,中壢區,桃園市中壢區中原大學周邊、實踐路一帶,,,夜市,,每日,桃園市中壢區中原大學周邊、實踐路一帶,中原大學旁的學生型夜市，以平價美食與異國料理聞名，充滿青春氣息。,manual,2026-07-18
TY040,興仁花園夜市,桃園,八德區,桃園市八德區興仁路、介壽路一帶,,,夜市,,週二五六日,桃園市八德區興仁路、介壽路一帶,八德區的大型花園夜市，以大面積、多樣攤位聞名，週末人潮洶湧。,manual,2026-07-18
TY041,楊梅觀光夜市,桃園,楊梅區,桃園市楊梅區中山北路、楊新路一帶,,,夜市,,週五,桃園市楊梅區中山北路、楊新路一帶,楊梅區的週末夜市，以傳統小吃與日常用品為主，服務在地居民。,manual,2026-07-18
TY042,大溪夜市,桃園,大溪區,桃園市大溪區慈康路、仁和路一帶,,,夜市,,週四,桃園市大溪區慈康路、仁和路一帶,大溪老街周邊的週四夜市，結合老街文化與在地美食，富有懷舊風情。,manual,2026-07-18
TY043,南崁五福夜市,桃園,蘆竹區,桃園市蘆竹區南崁路、五福路一帶,,,夜市,,週二五六,桃園市蘆竹區南崁路、五福路一帶,蘆竹南崁的週末夜市，以平價美食與日常用品為主，服務新興社區。,manual,2026-07-18
HC044,城隍廟夜市,新竹,北區,新竹市北區中山路、東門街一帶,,,夜市,,每日,新竹市北區中山路、東門街一帶,新竹城隍廟周邊的傳統夜市，以米粉、貢丸等新竹特產美食聞名。,manual,2026-07-18
HC045,清大夜市,新竹,東區,新竹市東區清華大學周邊、建功路一帶,,,夜市,,每日,新竹市東區清華大學周邊、建功路一帶,清華大學旁的學生型夜市，以平價美食與日常用品為主，充滿學生氣息。,manual,2026-07-18
HC046,中正台夜市,新竹,東區,新竹市東區中正路、台灣大道一帶,,,夜市,,每日,新竹市東區中正路、台灣大道一帶,新竹市東區的傳統夜市，以多樣化美食與服飾為主，是在地人覓食好去處。,manual,2026-07-18
ML047,苗栗英才觀光夜市,苗栗,苗栗市,苗栗市英才路、自治路一帶,,,夜市,,週三五日,苗栗市英才路、自治路一帶,苗栗市的主要觀光夜市，以傳統小吃與日常用品為主，服務在地居民。,manual,2026-07-18
ML048,苑裡夜市,苗栗,苑裡鎮,苗栗縣苑裡鎮中山路、世界路一帶,,,夜市,,週六,苗栗縣苑裡鎮中山路、世界路一帶,苑裡鎮的週末夜市，以傳統小吃與農特產品聞名，富有海線風情。,manual,2026-07-18
ML049,通霄夜市,苗栗,通霄鎮,苗栗縣通霄鎮中山路、中正路一帶,,,夜市,,週五,苗栗縣通霄鎮中山路、中正路一帶,通霄鎮的週末夜市，以海產小吃與日常用品為主，鄰近通霄海水浴場。,manual,2026-07-18
ML050,三義夜市,苗栗,三義鄉,苗栗縣三義鄉中正路、廣盛路一帶,,,夜市,,週五,苗栗縣三義鄉中正路、廣盛路一帶,三義木雕老街的週末夜市，結合木雕文化與客家美食，富有藝術氣息。,manual,2026-07-18
ML051,南庄夜市,苗栗,南庄鄉,苗栗縣南庄鄉中山路、民生路一帶,,,夜市,,週六,苗栗縣南庄鄉中山路、民生路一帶,南庄老街的週末夜市，以客家美食與桂花巷文化聞名，富有山城風情。,manual,2026-07-18
TC052,逢甲夜市,台中,西屯區,台中市西屯區逢甲路、福星路一帶,,,夜市,,每日,台中市西屯區逢甲路、福星路一帶,全台最大觀光夜市之一，以創意美食與流行服飾聞名，是台中夜生活指標。,manual,2026-07-18
TC053,一中商圈,台中,北區,台中市北區一中街、太平路一帶,,,夜市,,每日,台中市北區一中街、太平路一帶,台中一中周邊的學生商圈，以平價美食與年輕服飾聞名，充滿青春活力。,manual,2026-07-18
TC054,中華路夜市,台中,中區,台中市中區中華路、公園路一帶,,,夜市,,每日,台中市中區中華路、公園路一帶,台中老牌夜市，以傳統小吃與日常用品為主，承載中區的歷史記憶。,manual,2026-07-18
TC055,忠孝路夜市,台中,南區,台中市南區忠孝路、台中路一帶,,,夜市,,每日,台中市南區忠孝路、台中路一帶,台中南區的傳統夜市，以多樣化美食與日常用品為主，是在地人覓食好去處。,manual,2026-07-18
TC056,東海別墅夜市,台中,龍井區,台中市龍井區東海大學旁、新興路一帶,,,夜市,,每日,台中市龍井區東海大學旁、新興路一帶,東海大學旁的學生型夜市，以平價美食與異國料理聞名，雞腳凍是必買特產。,manual,2026-07-18
TC057,廟東夜市,台中,豐原區,台中市豐原區中正路、慈濟宮前,,,夜市,,每日,台中市豐原區中正路、慈濟宮前,豐原慈濟宮前的傳統夜市，以排骨酥麵、鳳梨冰等在地美食聞名。,manual,2026-07-18
TC058,旱溪夜市,台中,東區,台中市東區旱溪東路、旱溪西路一帶,,,夜市,,週二四五六,台中市東區旱溪東路、旱溪西路一帶,台中东區的週末夜市，以大面積、多樣攤位聞名，週末吸引大量人潮。,manual,2026-07-18
TC059,大慶觀光夜市,台中,南區,台中市南區建國南路、大慶街一帶,,,夜市,,週三五日,台中市南區建國南路、大慶街一帶,台中南區的大型觀光夜市，以多樣化美食與遊戲攤位聞名，週末人潮洶湧。,manual,2026-07-18
TC060,大甲蔣公路夜市,台中,大甲區,台中市大甲區蔣公路、光明路一帶,,,夜市,,每日,台中市大甲區蔣公路、光明路一帶,大甲區的主要夜市，鄰近大甲媽祖廟，以傳統小吃與在地美食聞名。,manual,2026-07-18
TC061,捷運總站夜市,台中,北屯區,台中市北屯區捷運松竹站、總站一帶,,,夜市,,週一三五日,台中市北屯區捷運松竹站、總站一帶,捷運總站旁的新興夜市，以平價美食與日常用品為主，交通便利。,manual,2026-07-18
TC062,太原夜市,台中,北屯區,台中市北屯區太原路、旱溪東路一帶,,,夜市,,每日,台中市北屯區太原路、旱溪東路一帶,北屯區的傳統夜市，以多樣化美食與日常用品為主，服務在地居民。,manual,2026-07-18
CH063,彰化中央陸橋夜市,彰化,彰化市,彰化市中央陸橋下、中華路一帶,,,夜市,,週二五日,彰化市中央陸橋下、中華路一帶,彰化市的主要夜市，以傳統小吃與日常用品為主，是在地人的覓食好去處。,manual,2026-07-18
CH064,彰化精誠夜市,彰化,彰化市,彰化市精誠路、南郭路一帶,,,夜市,,週三四五六日,彰化市精誠路、南郭路一帶,彰化市的大型夜市，以多樣化美食與遊戲攤位聞名，週末吸引大量人潮。,manual,2026-07-18
CH065,鹿港鹿和夜市,彰化,鹿港鎮,彰化縣鹿港鎮鹿和路、中山路一帶,,,夜市,,週二四日,彰化縣鹿港鎮鹿和路、中山路一帶,鹿港老街旁的週末夜市，結合古鎮文化與在地美食，富有懷舊風情。,manual,2026-07-18
CH066,員林龍燈夜市,彰化,員林市,彰化縣員林市龍燈公園周邊、中山路一帶,,,夜市,,週二五六日,彰化縣員林市龍燈公園周邊、中山路一帶,員林市的大型夜市，以多樣化美食與遊戲攤位聞名，是南彰化的夜生活指標。,manual,2026-07-18
CH067,田中夜市,彰化,田中鎮,彰化縣田中鎮中州路、斗中路一帶,,,夜市,,週一三,彰化縣田中鎮中州路、斗中路一帶,田中鎮的傳統夜市，以平價美食與日常用品為主，服務在地居民。,manual,2026-07-18
CH068,二林王子夜市,彰化,二林鎮,彰化縣二林鎮斗苑路、中正路一帶,,,夜市,,週二五,彰化縣二林鎮斗苑路、中正路一帶,二林鎮的週末夜市，以傳統小吃與農特產品為主，富有海線風情。,manual,2026-07-18
CH069,溪湖夜市,彰化,溪湖鎮,彰化縣溪湖鎮員鹿路、二溪路一帶,,,夜市,,週五,彰化縣溪湖鎮員鹿路、二溪路一帶,溪湖鎮的週末夜市，以羊肉料理與傳統小吃聞名，鄰近溪湖糖廠。,manual,2026-07-18
YL2070,斗六觀光夜市,雲林,斗六市,雲林縣斗六市中山路、文化路一帶,,,夜市,,週二六日,雲林縣斗六市中山路、文化路一帶,斗六市的主要觀光夜市，以多樣化美食與日常用品聞名，是雲林夜生活指標。,manual,2026-07-18
YL2071,虎尾夜市,雲林,虎尾鎮,雲林縣虎尾鎮中山路、林森路一帶,,,夜市,,週五,雲林縣虎尾鎮中山路、林森路一帶,虎尾鎮的週末夜市，以傳統小吃與日常用品為主，是在地人的覓食好去處。,manual,2026-07-18
YL2072,北港夜市,雲林,北港鎮,雲林縣北港鎮中山路、文化路一帶,,,夜市,,週三六,雲林縣北港鎮中山路、文化路一帶,北港朝天宮周邊的夜市，以傳統小吃與宗教文化結合為特色，富有歷史風味。,manual,2026-07-18
YL2073,西螺東南夜市,雲林,西螺鎮,雲林縣西螺鎮延平路、中山路一帶,,,夜市,,週四日,雲林縣西螺鎮延平路、中山路一帶,西螺老街旁的週末夜市，以醬油特產與傳統美食聞名，富有文化氣息。,manual,2026-07-18
YL2074,斗南夜市,雲林,斗南鎮,雲林縣斗南鎮中山路、中正路一帶,,,夜市,,週六,雲林縣斗南鎮中山路、中正路一帶,斗南鎮的週末夜市，以傳統小吃與日常用品為主，服務在地居民。,manual,2026-07-18
CY075,嘉義文化路夜市,嘉義,東區,嘉義市東區文化路、垂楊路一帶,,,夜市,,每日,嘉義市東區文化路、垂楊路一帶,嘉義最知名的夜市，以文化路為主軸，多樣美食與服飾聞名，是嘉義夜生活指標。,manual,2026-07-18
CY076,家樂福觀光夜市,嘉義,西區,嘉義市西區博愛路、興達路一帶,,,夜市,,週四五六日,嘉義市西區博愛路、興達路一帶,嘉義西區的大型觀光夜市，以多樣化美食與遊戲攤位聞名，週末人潮洶湧。,manual,2026-07-18
TN077,花園夜市,台南,北區,台南市北區海安路、和緯路一帶,,,夜市,,週四至日,台南市北區海安路、和緯路一帶,台南最大的夜市之一，以大面積、多樣攤位聞名，是台南夜生活指標。,manual,2026-07-18
TN078,大東夜市,台南,東區,台南市東區林森路、崇善路一帶,,,夜市,,週一二五,台南市東區林森路、崇善路一帶,台南東區的知名夜市，以多樣化美食與遊戲攤位聞名，週末吸引大量人潮。,manual,2026-07-18
TN079,武聖夜市,台南,中西區,台南市中西區武聖路、中正路一帶,,,夜市,,週三五,台南市中西區武聖路、中正路一帶,台南中西區的傳統夜市，以多樣美食與日常用品聞名，是在地人的覓食好去處。,manual,2026-07-18
TN080,小北觀光夜市,台南,北區,台南市北區小北路、西門路一帶,,,夜市,,每日,台南市北區小北路、西門路一帶,台南北區的觀光夜市，以傳統小吃與日常用品為主，富有在地生活氣息。,manual,2026-07-18
TN081,新永華夜市,台南,安平區,台南市安平區永華路、建平路一帶,,,夜市,,週四日,台南市安平區永華路、建平路一帶,安平區的新興夜市，以多樣化美食與海港風情聞名，鄰近安平古堡。,manual,2026-07-18
TN082,善化夜市,台南,善化區,台南市善化區中山路、光復路一帶,,,夜市,,週二五日,台南市善化區中山路、光復路一帶,善化區的週末夜市，以傳統小吃與日常用品為主，服務在地居民。,manual,2026-07-18
TN083,新營中華路夜市,台南,新營區,台南市新營區中華路、民治路一帶,,,夜市,,週六,台南市新營區中華路、民治路一帶,新營區的週末夜市，以傳統小吃與日常用品為主，是溪北地區的夜生活指標。,manual,2026-07-18
TN084,鹽水夜市,台南,鹽水區,台南市鹽水區中山路、月津路一帶,,,夜市,,週三,台南市鹽水區中山路、月津路一帶,鹽水老街的週末夜市，以意麵、蜂炮文化聞名，富有歷史風情。,manual,2026-07-18
KH085,六合觀光夜市,高雄,新興區,高雄市新興區六合二路,,,夜市,,每日,高雄市新興區六合二路,高雄最具代表性的觀光夜市，以各式小吃聞名，是國內外遊客必訪景點。,manual,2026-07-18
KH086,瑞豐夜市,高雄,左營區,高雄市左營區裕誠路、南屏路一帶,,,夜市,,週二四五六日,高雄市左營區裕誠路、南屏路一帶,高雄規模最大的夜市，以多樣化美食與服飾聞名，週末吸引大量人潮。,manual,2026-07-18
KH087,鳳山青年夜市,高雄,鳳山區,高雄市鳳山區青年路、光復路一帶,,,夜市,,週一四五六日,高雄市鳳山區青年路、光復路一帶,鳳山區的大型夜市，以多樣化美食與遊戲攤位聞名，是高雄縣市合併後的夜生活指標。,manual,2026-07-18
KH088,忠孝夜市,高雄,苓雅區,高雄市苓雅區忠孝路、四維路一帶,,,夜市,,每日,高雄市苓雅區忠孝路、四維路一帶,高雄苓雅區的傳統夜市，以多樣美食與日常用品聞名，是在地人的覓食好去處。,manual,2026-07-18
KH089,凱旋夜市,高雄,前鎮區,高雄市前鎮區凱旋路、時代大道一帶,,,夜市,,每日,高雄市前鎮區凱旋路、時代大道一帶,高雄前鎮區的大型夜市，鄰近夢時代購物中心，以多樣美食與遊戲攤位聞名。,manual,2026-07-18
KH090,旗山夜市,高雄,旗山區,高雄市旗山區中山路、延平路一帶,,,夜市,,週二六,高雄市旗山區中山路、延平路一帶,旗山老街的週末夜市，以香蕉特產與傳統美食聞名，富有山城風情。,manual,2026-07-18
KH091,美濃夜市,高雄,美濃區,高雄市美濃區中山路、中正路一帶,,,夜市,,週五,高雄市美濃區中山路、中正路一帶,美濃區的週末夜市，以客家美食與傳統小吃聞名，富有客家文化氣息。,manual,2026-07-18
KH092,岡山夜市,高雄,岡山區,高雄市岡山區中山路、壽天路一帶,,,夜市,,週二六,高雄市岡山區中山路、壽天路一帶,岡山區的週末夜市，以羊肉料理與傳統小吃聞名，鄰近岡山羊肉文化節。,manual,2026-07-18
PT093,恆春夜市,屏東,恆春鎮,屏東縣恆春鎮恆南路、中山路一帶,,,夜市,,每日,屏東縣恆春鎮恆南路、中山路一帶,恆春古城的夜市，以在地小吃與南國風情聞名，是墾丁旅遊的美食補給站。,manual,2026-07-18
PT094,屏東夜市,屏東,屏東市,屏東市中山路、民族路一帶,,,夜市,,每日,屏東市中山路、民族路一帶,屏東市的主要夜市，以傳統小吃與日常用品為主，是在地人的覓食好去處。,manual,2026-07-18
PT095,潮州夜市,屏東,潮州鎮,屏東縣潮州鎮中山路、光復路一帶,,,夜市,,週一五六日,屏東縣潮州鎮中山路、光復路一帶,潮州鎮的週末夜市，以傳統小吃與農特產品聞名，富有在地生活氣息。,manual,2026-07-18
PT096,東港夜市,屏東,東港鎮,屏東縣東港鎮中山路、光復路一帶,,,夜市,,週五六日,屏東縣東港鎮中山路、光復路一帶,東港鎮的週末夜市，以黑鮪魚等海產小吃聞名，鄰近東港漁港。,manual,2026-07-18
YL097,羅東夜市,宜蘭,羅東鎮,宜蘭縣羅東鎮民生路、興東路一帶,,,夜市,,每日,宜蘭縣羅東鎮民生路、興東路一帶,宜蘭最知名的夜市，以龍鳳腿、羊肉湯等在地美食聞名，是宜蘭夜生活指標。,manual,2026-07-18
YL098,東門觀光夜市,宜蘭,宜蘭市,宜蘭市東港路、聖後街一帶,,,夜市,,每日,宜蘭市東港路、聖後街一帶,宜蘭市的主要觀光夜市，以多樣化美食與日常用品聞名，鄰近宜蘭河濱公園。,manual,2026-07-18
YL099,礁溪溫泉夜市,宜蘭,礁溪鄉,宜蘭縣礁溪鄉礁溪路、德陽路一帶,,,夜市,,週日,宜蘭縣礁溪鄉礁溪路、德陽路一帶,礁溪溫泉區的週日夜市，以溫泉番茄、刈包等在地美食聞名，結合溫泉文化。,manual,2026-07-18
HL100,東大門夜市,花蓮,花蓮市,花蓮市中山路、重慶路一帶,,,夜市,,每日,花蓮市中山路、重慶路一帶,花蓮最大的夜市，整合自強、彩虹等夜市，以多樣化美食與原住民料理聞名。,manual,2026-07-18
HL101,中華路夜市,花蓮,花蓮市,花蓮市中華路、中山路一帶,,,夜市,,每日,花蓮市中華路、中山路一帶,花蓮市區的傳統夜市，以平價美食與日常用品為主，是在地人的覓食好去處。,manual,2026-07-18
TT102,台東觀光夜市,台東,台東市,台東市中山路、新生路一帶,,,夜市,,週四五六日,台東市中山路、新生路一帶,台東市的主要觀光夜市，以多樣化美食與原住民料理聞名，是台東夜生活指標。,manual,2026-07-18
TT103,關山夜市,台東,關山鎮,台東縣關山鎮中山路、民生路一帶,,,夜市,,週六,台東縣關山鎮中山路、民生路一帶,關山鎮的週末夜市，以傳統小吃與農特產品聞名，鄰近關山親水公園。,manual,2026-07-18
PH104,馬公夜市,澎湖,馬公市,澎湖縣馬公市中山路、民權路一帶,,,夜市,,週三六,澎湖縣馬公市中山路、民權路一帶,馬公市的主要夜市，以海產小吃與澎湖特產聞名，是離島夜生活指標。,manual,2026-07-18
JM105,金城模範街夜市,金馬,金城鎮,金門縣金城鎮模範街、莒光路一帶,,,夜市,,週六日,金門縣金城鎮模範街、莒光路一帶,金城模範街的週末夜市，以金門特產與傳統美食聞名，結合閩南建築文化。,manual,2026-07-18
TP106,迪化街,台北,大同區,台北市大同區迪化街,,,老街,,每日,台北市大同區迪化街,中藥材乾貨年貨大街,manual,2026-07-18
TP107,艋舺老街,台北,萬華區,台北市萬華區貴陽街,,,老街,,每日,台北市萬華區貴陽街,一府二鹿三艋舺,manual,2026-07-18
TP108,剝皮寮老街,台北,萬華區,台北市萬華區康定路,,,老街,,每日,台北市萬華區康定路,清代街屋文化保留區,manual,2026-07-18
NTP109,淡水老街,新北,淡水區,新北市淡水區中正路,,,老街,,每日,新北市淡水區中正路,鐵蛋阿給知名觀光老街,manual,2026-07-18
NTP110,深坑老街,新北,深坑區,新北市深坑區深坑街,,,老街,,每日,新北市深坑區深坑街,豆腐老街,manual,2026-07-18
NTP111,烏來老街,新北,烏來區,新北市烏來區烏來街,,,老街,,每日,新北市烏來區烏來街,原住民風味,manual,2026-07-18
NTP112,菁桐老街,新北,平溪區,新北市平溪區菁桐街,,,老街,,每日,新北市平溪區菁桐街,菁桐車站周邊老街,manual,2026-07-18
NTP113,平溪老街,新北,平溪區,新北市平溪區平溪街,,,老街,,每日,新北市平溪區平溪街,天燈故鄉,manual,2026-07-18
NTP114,十分老街,新北,平溪區,新北市平溪區十分街,,,老街,,每日,新北市平溪區十分街,天燈,manual,2026-07-18
NTP115,九份老街,新北,瑞芳區,新北市瑞芳區基山街,,,老街,,每日,新北市瑞芳區基山街,礦業山城,manual,2026-07-18
NTP116,三峽老街,新北,三峽區,新北市三峽區民權街,,,老街,,每日,新北市三峽區民權街,巴洛克牌樓金牛角,manual,2026-07-18
NTP117,鶯歌老街,新北,鶯歌區,新北市鶯歌區文化路,,,老街,,每日,新北市鶯歌區文化路,陶瓷,manual,2026-07-18
TY118,大溪老街,桃園,大溪區,桃園市大溪區和平路,,,老街,,每日,桃園市大溪區和平路,巴洛克牌樓街屋,manual,2026-07-18
TY119,三坑老街,桃園,龍潭區,桃園市龍潭區三坑子,,,老街,,每日,桃園市龍潭區三坑子,步廊式街屋,manual,2026-07-18
HC120,內灣老街,新竹,橫山鄉,新竹縣橫山鄉內灣村,,,老街,,每日,新竹縣橫山鄉內灣村,內灣戲院,manual,2026-07-18
HC121,湖口老街,新竹,湖口鄉,新竹縣湖口鄉湖口老街,,,老街,,每日,新竹縣湖口鄉湖口老街,湖口老街三元宮周邊,manual,2026-07-18
HC122,新埔老街,新竹,新埔鎮,新竹縣新埔鎮中正路,,,老街,,每日,新竹縣新埔鎮中正路,新埔地區歷史老街,manual,2026-07-18
HC123,北埔老街,新竹,北埔鄉,新竹縣北埔鄉北埔街,,,老街,,每日,新竹縣北埔鄉北埔街,客家老街,manual,2026-07-18
HC124,關西老街,新竹,關西鎮,新竹縣關西鎮,,,老街,,每日,新竹縣關西鎮,關西地區歷史老街,manual,2026-07-18
ML125,南庄老街,苗栗,南庄鄉,苗栗縣南庄鄉中山路,,,老街,,每日,苗栗縣南庄鄉中山路,油桐花桂花巷,manual,2026-07-18
ML126,苑裡老街,苗栗,苑裡鎮,苗栗縣苑裡鎮,,,老街,,每日,苗栗縣苑裡鎮,苑裡地區歷史老街,manual,2026-07-18
ML127,三義老街,苗栗,三義鄉,苗栗縣三義鄉,,,老街,,每日,苗栗縣三義鄉,木雕,manual,2026-07-18
CH128,鹿港老街,彰化,鹿港鎮,彰化縣鹿港鎮瑤林街,,,老街,,每日,彰化縣鹿港鎮瑤林街,一府二鹿三艋舺閩南建築,manual,2026-07-18
CH129,溪湖老街,彰化,溪湖鎮,彰化縣溪湖鎮,,,老街,,每日,彰化縣溪湖鎮,溪湖老街歷史街區,manual,2026-07-18
NT2130,集集老街,南投,集集鎮,南投縣集集鎮,,,老街,,每日,南投縣集集鎮,集集老街歷史街區,manual,2026-07-18
NT2131,車埕老街,南投,水里鄉,南投縣水里鄉車埕,,,老街,,每日,南投縣水里鄉車埕,車埕老街歷史街區,manual,2026-07-18
NT2132,竹山老街,南投,竹山鎮,南投縣竹山鎮,,,老街,,每日,南投縣竹山鎮,林圯埔老街,manual,2026-07-18
YL2133,太平老街,雲林,斗六市,雲林縣斗六市太平路,,,老街,,每日,雲林縣斗六市太平路,斗六太平老街歷史街區,manual,2026-07-18
YL2134,北港老街,雲林,北港鎮,雲林縣北港鎮,,,老街,,每日,雲林縣北港鎮,北港老街歷史街區,manual,2026-07-18
YL2135,虎尾老街,雲林,虎尾鎮,雲林縣虎尾鎮,,,老街,,每日,雲林縣虎尾鎮,虎尾老街歷史街區,manual,2026-07-18
CY136,奮起湖老街,嘉義,竹崎鄉,嘉義縣竹崎鄉奮起湖,,,老街,,每日,嘉義縣竹崎鄉奮起湖,阿里山鐵道中繼站,manual,2026-07-18
CY137,朴子老街,嘉義,朴子市,嘉義縣朴子市,,,老街,,每日,嘉義縣朴子市,朴子老街歷史街區,manual,2026-07-18
TN138,安平老街,台南,安平區,台南市安平區延平街,,,老街,,每日,台南市安平區延平街,台灣第一街棺材板,manual,2026-07-18
TN139,神農老街,台南,中西區,台南市中西區神農街,,,老街,,每日,台南市中西區神農街,北勢老街,manual,2026-07-18
TN140,鹽水老街,台南,鹽水區,台南市鹽水區,,,老街,,每日,台南市鹽水區,鹽水意麵八角樓,manual,2026-07-18
TN141,麻豆老街,台南,麻豆區,台南市麻豆區,,,老街,,每日,台南市麻豆區,麻豆碗粿,manual,2026-07-18
TN142,新化老街,台南,新化區,台南市新化區,,,老街,,每日,台南市新化區,巴洛克牌樓,manual,2026-07-18
KH143,旗津老街,高雄,旗津區,高雄市旗津區通山路,,,老街,,每日,高雄市旗津區通山路,通山老街,manual,2026-07-18
KH144,鹽埕老街,高雄,鹽埕區,高雄市鹽埕區,,,老街,,每日,高雄市鹽埕區,鹽埕老街歷史街區,manual,2026-07-18
KH145,哈瑪星老街,高雄,鼓山區,高雄市鼓山區哈瑪星,,,老街,,每日,高雄市鼓山區哈瑪星,新濱老街,manual,2026-07-18
PT146,恆春老街,屏東,恆春鎮,屏東縣恆春鎮,,,老街,,每日,屏東縣恆春鎮,恆春老街歷史街區,manual,2026-07-18
YL147,頭城老街,宜蘭,頭城鎮,宜蘭縣頭城鎮和平街,,,老街,,每日,宜蘭縣頭城鎮和平街,頭城老街歷史街區,manual,2026-07-18
KL148,基隆廟口商圈,基隆,仁愛區,基隆市仁愛區仁三路,,,商圈,,每日,基隆市仁愛區仁三路,基隆最知名美食商圈,manual,2026-07-18
TP149,西門商圈,台北,萬華區,台北市萬華區西門町,,,商圈,,每日,台北市萬華區西門町,年輕人潮流聚集地,manual,2026-07-18
TP150,東區商圈,台北,大安區,台北市大安區忠孝東路,,,商圈,,每日,台北市大安區忠孝東路,忠孝東路購物商圈,manual,2026-07-18
TP151,公館商圈,台北,大安區,台北市大安區羅斯福路,,,商圈,,每日,台北市大安區羅斯福路,台大學區商圈,manual,2026-07-18
TP152,信義商圈,台北,信義區,台北市信義區信義計畫區,,,商圈,,每日,台北市信義區信義計畫區,台北101購物區,manual,2026-07-18
TP153,南京東路商圈,台北,中山區,台北市中山區南京東路,,,商圈,,每日,台北市中山區南京東路,精品購物商圈,manual,2026-07-18
NTP154,板橋商圈,新北,板橋區,新北市板橋區府中路,,,商圈,,每日,新北市板橋區府中路,府中站周邊,manual,2026-07-18
NTP155,淡水商圈,新北,淡水區,新北市淡水區中正路,,,商圈,,每日,新北市淡水區中正路,淡水老街周邊,manual,2026-07-18
NTP156,新店商圈,新北,新店區,新北市新店區,,,商圈,,每日,新北市新店區,新店商圈,manual,2026-07-18
TY157,中壢商圈,桃園,中壢區,桃園市中壢區,,,商圈,,每日,桃園市中壢區,中原大學周邊,manual,2026-07-18
TY158,桃園商圈,桃園,桃園區,桃園市桃園區,,,商圈,,每日,桃園市桃園區,站前商圈,manual,2026-07-18
HC159,城隍廟商圈,新竹,北區,新竹市北區,,,商圈,,每日,新竹市北區,新竹美食聚集地,manual,2026-07-18
HC160,清大商圈,新竹,東區,新竹市東區,,,商圈,,每日,新竹市東區,清華大學周邊商圈,manual,2026-07-18
TC161,一中商圈,台中,北區,台中市北區一中街,,,商圈,,每日,台中市北區一中街,台中一中街,manual,2026-07-18
TC162,逢甲商圈,台中,西屯區,台中市西屯區逢甲路,,,商圈,,每日,台中市西屯區逢甲路,逢甲大學周邊,manual,2026-07-18
TC163,勤美商圈,台中,西區,台中市西區公益路,,,商圈,,每日,台中市西區公益路,草悟道周邊,manual,2026-07-18
TC164,東海商圈,台中,龍井區,台中市龍井區東海大學周邊,,,商圈,,每日,台中市龍井區東海大學周邊,東海大學周邊,manual,2026-07-18
TC165,天津商圈,台中,北屯區,台中市北屯區天津路,,,商圈,,每日,台中市北屯區天津路,天津商圈,manual,2026-07-18
CY166,文化路商圈,嘉義,東區,嘉義市東區文化路,,,商圈,,每日,嘉義市東區文化路,嘉義最熱鬧美食街,manual,2026-07-18
TN167,中正商圈,台南,中西區,台南市中西區中正路,,,商圈,,每日,台南市中西區中正路,台南百年商圈,manual,2026-07-18
TN168,海安商圈,台南,中西區,台南市中西區海安路,,,商圈,,每日,台南市中西區海安路,海安路藝術街,manual,2026-07-18
KH169,新堀江商圈,高雄,新興區,高雄市新興區新堀江,,,商圈,,每日,高雄市新興區新堀江,年輕人潮流商圈,manual,2026-07-18
KH170,漢神商圈,高雄,前鎮區,高雄市前鎮區漢神百貨周邊,,,商圈,,每日,高雄市前鎮區漢神百貨周邊,漢神百貨周邊,manual,2026-07-18
KH171,巨蛋商圈,高雄,左營區,高雄市左營區漢神巨蛋周邊,,,商圈,,每日,高雄市左營區漢神巨蛋周邊,漢神巨蛋周邊,manual,2026-07-18
PT172,屏東市區商圈,屏東,屏東市,屏東市,,,商圈,,每日,屏東市,屏東市區商圈,manual,2026-07-18
HC173,竹北夜市,新竹,竹北市,新竹縣竹北市竹北夜市,,,夜市,,每日,新竹縣竹北市竹北夜市,竹北市最大規模夜市，每日營業,manual,2026-07-18
HC174,新豐夜市,新竹,新豐鄉,新竹縣新豐鄉新豐夜市,,,夜市,,週一,新竹縣新豐鄉新豐夜市,新豐鄉每週一營業的在地夜市,manual,2026-07-18
HC175,竹東夜市,新竹,竹東鎮,新竹縣竹東鎮竹東夜市,,,夜市,,週二五日,新竹縣竹東鎮竹東夜市,竹東鎮週二五六日營業的熱鬧夜市,manual,2026-07-18
HC176,湖口夜市,新竹,湖口鄉,新竹縣湖口鄉湖口夜市,,,夜市,,週四日,新竹縣湖口鄉湖口夜市,湖口鄉週四日營業的在地夜市,manual,2026-07-18
HC177,新埔夜市,新竹,新埔鎮,新竹縣新埔鎮新埔夜市,,,夜市,,週五,新竹縣新埔鎮新埔夜市,新埔鎮每週五營業的小型夜市,manual,2026-07-18
TY178,大園廟口夜市,桃園,大園區,桃園市大園區大園廟口夜市,,,夜市,,每日,桃園市大園區大園廟口夜市,大園區廟口旁每日營業的在地夜市,manual,2026-07-18
TY179,大園夜市,桃園,大園區,桃園市大園區大園夜市,,,夜市,,每日,桃園市大園區大園夜市,大園區另一座每日營業的夜市,manual,2026-07-18
TY180,新屋夜市,桃園,新屋區,桃園市新屋區新屋夜市,,,夜市,,每日,桃園市新屋區新屋夜市,新屋區每日營業的在地夜市,manual,2026-07-18
TY181,甘泉夜市,桃園,觀音區,桃園市觀音區甘泉夜市,,,夜市,,每日,桃園市觀音區甘泉夜市,觀音區甘泉寺旁每日營業的夜市,manual,2026-07-18
NTP182,新興夜市,新北,板橋區,新北市板橋區新興夜市,,,夜市,,每日,新北市板橋區新興夜市,板橋區新興路每日營業的在地夜市,manual,2026-07-18
NTP183,板橋莒光路夜市,新北,板橋區,新北市板橋區板橋莒光路夜市,,,夜市,,每日,新北市板橋區板橋莒光路夜市,板橋莒光路每日營業的在地夜市,manual,2026-07-18
NTP184,三重文化北路夜市,新北,三重區,新北市三重區三重文化北路夜市,,,夜市,,每日,新北市三重區三重文化北路夜市,三重文化北路每日營業的在地夜市,manual,2026-07-18
NTP185,積穗夜市,新北,中和區,新北市中和區積穗夜市,,,夜市,,每日,新北市中和區積穗夜市,中和區積穗每日營業的在地夜市,manual,2026-07-18
NTP186,蘆洲信義路攤集區,新北,蘆洲區,新北市蘆洲區蘆洲信義路攤集區,,,夜市,,每日,新北市蘆洲區蘆洲信義路攤集區,蘆洲信義路每日營業的攤販集區,manual,2026-07-18
NTP187,淡水沙崙夜市,新北,淡水區,新北市淡水區淡水沙崙夜市,,,夜市,,每日,新北市淡水區淡水沙崙夜市,淡水沙崙每日營業的海邊夜市,manual,2026-07-18
NTP188,集應廟夜市,新北,淡水區,新北市淡水區集應廟夜市,,,夜市,,每日,新北市淡水區集應廟夜市,淡水集應廟旁每日營業的在地夜市,manual,2026-07-18
NTP189,鶯歌龍鳳夜市,新北,鶯歌區,新北市鶯歌區鶯歌龍鳳夜市,,,夜市,,每日,新北市鶯歌區鶯歌龍鳳夜市,鶯歌龍鳳路每日營業的在地夜市,manual,2026-07-18
NTP190,鶯歌南雅夜市,新北,鶯歌區,新北市鶯歌區鶯歌南雅夜市,,,夜市,,每日,新北市鶯歌區鶯歌南雅夜市,鶯歌南雅路每日營業的在地夜市,manual,2026-07-18
NTP191,尖山路國中街口假日夜市,新北,樹林區,新北市樹林區尖山路國中街口假日夜市,,,夜市,,週六日,新北市樹林區尖山路國中街口假日夜市,樹林尖山路週六日營業的假日夜市,manual,2026-07-18
NTP192,汐止樟樹灣夜市,新北,汐止區,新北市汐止區汐止樟樹灣夜市,,,夜市,,每日,新北市汐止區汐止樟樹灣夜市,汐止樟樹灣每日營業的在地夜市,manual,2026-07-18
NTP193,福壽街夜市,新北,中和區,新北市中和區福壽街夜市,,,夜市,,每日,新北市中和區福壽街夜市,中和福壽街每日營業的在地夜市,manual,2026-07-18
NTP194,四腳亭吉安宮夜市,新北,瑞芳區,新北市瑞芳區四腳亭吉安宮夜市,,,夜市,,週六日,新北市瑞芳區四腳亭吉安宮夜市,瑞芳四腳亭吉安宮週六日營業的假日夜市,manual,2026-07-18
TP195,西昌街觀光夜市,台北,萬華區,台北市萬華區西昌街觀光夜市,,,夜市,,每日,台北市萬華區西昌街觀光夜市,萬華西昌街每日營業的傳統觀光夜市,manual,2026-07-18
TP196,梧州街觀光夜市,台北,萬華區,台北市萬華區梧州街觀光夜市,,,夜市,,每日,台北市萬華區梧州街觀光夜市,萬華梧州街每日營業的傳統觀光夜市,manual,2026-07-18
TP197,廣州街觀光夜市,台北,萬華區,台北市萬華區廣州街觀光夜市,,,夜市,,每日,台北市萬華區廣州街觀光夜市,萬華廣州街每日營業的傳統觀光夜市,manual,2026-07-18
TC198,勝利夜市,台中,北屯區,台中市北屯區勝利夜市,,,夜市,,每日,台中市北屯區勝利夜市,北屯區勝利路每日營業的在地夜市,manual,2026-07-18
TC199,太平東平夜市,台中,太平區,台中市太平區太平東平夜市,,,夜市,,每日,台中市太平區太平東平夜市,太平東平路每日營業的在地夜市,manual,2026-07-18
TC200,石岡和平街夜市,台中,石岡區,台中市石岡區石岡和平街夜市,,,夜市,,每日,台中市石岡區石岡和平街夜市,石岡和平街每日營業的小型夜市,manual,2026-07-18
TC201,后里夜市,台中,后里區,台中市后里區后里夜市,,,夜市,,每日,台中市后里區后里夜市,后里區每日營業的在地夜市,manual,2026-07-18
TC202,靜宜夜市,台中,龍井區,台中市龍井區靜宜夜市,,,夜市,,每日,台中市龍井區靜宜夜市,靜宜大學旁每日營業的學區夜市,manual,2026-07-18
TC203,潭子勝利夜市,台中,潭子區,台中市潭子區潭子勝利夜市,,,夜市,,每日,台中市潭子區潭子勝利夜市,潭子勝利路每日營業的在地夜市,manual,2026-07-18
TC204,龍津夜市,台中,龍井區,台中市龍井區龍津夜市,,,夜市,,每日,台中市龍井區龍津夜市,龍井區龍津每日營業的在地夜市,manual,2026-07-18
TC205,豐原廟東夜市,台中,豐原區,台中市豐原區豐原廟東夜市,,,夜市,,每日,台中市豐原區豐原廟東夜市,豐原廟東商圈每日營業的知名夜市,manual,2026-07-18
TC206,葫蘆墩觀光夜市,台中,豐原區,台中市豐原區葫蘆墩觀光夜市,,,夜市,,每日,台中市豐原區葫蘆墩觀光夜市,豐原葫蘆墩公園旁每日營業的觀光夜市,manual,2026-07-18
TC207,大雅雅潭夜市,台中,大雅區,台中市大雅區大雅雅潭夜市,,,夜市,,每日,台中市大雅區大雅雅潭夜市,大雅雅潭路每日營業的在地夜市,manual,2026-07-18
TC208,清水五權夜市,台中,清水區,台中市清水區清水五權夜市,,,夜市,,每日,台中市清水區清水五權夜市,清水五權路每日營業的在地夜市,manual,2026-07-18
TC209,外埔夜市,台中,外埔區,台中市外埔區外埔夜市,24.9148676,120.9835684,夜市,,每日,台中市外埔區外埔夜市,外埔區每日營業的在地夜市,manual,2026-07-18
TC210,大肚夜市,台中,大肚區,台中市大肚區大肚夜市,24.1553817,120.5452337,夜市,,每日,台中市大肚區大肚夜市,大肚區每日營業的在地夜市,manual,2026-07-18
TC211,四張犁夜市,台中,北屯區,台中市北屯區四張犁夜市,24.1944742,120.6792858,夜市,,每日,台中市北屯區四張犁夜市,北屯四張犁每日營業的在地夜市,manual,2026-07-18
TC212,昌平夜市,台中,北屯區,台中市北屯區昌平夜市,24.1066756,120.7183101,夜市,,每日,台中市北屯區昌平夜市,北屯昌平路每日營業的在地夜市,manual,2026-07-18
TC213,漁人町星光市集,台中,西屯區,台中市西屯區漁人町星光市集,,,夜市,,每日,台中市西屯區漁人町星光市集,西屯漁人町每日營業的星空市集,manual,2026-07-18
KH214,光華夜市,高雄,前鎮區,高雄市前鎮區光華夜市,22.6168929,120.31823,夜市,,每日,高雄市前鎮區光華夜市,前鎮光華路每日營業的傳統夜市,manual,2026-07-18
KH215,自強夜市,高雄,前鎮區,高雄市前鎮區自強夜市,23.9709824,121.6107239,夜市,,每日,高雄市前鎮區自強夜市,前鎮自強路每日營業的在地夜市,manual,2026-07-18
KH216,興中夜市,高雄,苓雅區,高雄市苓雅區興中夜市,22.5861623,120.3073963,夜市,,每日,高雄市苓雅區興中夜市,苓雅興中路每日營業的在地夜市,manual,2026-07-18
TN217,大東東夜市,台南,東區,台南市東區大東東夜市,22.9824949,120.2188806,夜市,,每日,台南市東區大東東夜市,東區大東東每日營業的熱鬧夜市,manual,2026-07-18
TN218,永康鹽行夜市,台南,永康區,台南市永康區永康鹽行夜市,23.0422808,120.2357502,夜市,,每日,台南市永康區永康鹽行夜市,永康鹽行每日營業的在地夜市,manual,2026-07-18
TN219,保安夜市,台南,仁德區,台南市仁德區保安夜市,22.9214454,120.237251,夜市,,每日,台南市仁德區保安夜市,仁德保安每日營業的在地夜市,manual,2026-07-18
TN220,中華夜市,台南,中西區,台南市中西區中華夜市,24.1510694,120.6503305,夜市,,每日,台南市中西區中華夜市,中西區中華路每日營業的傳統夜市,manual,2026-07-18
TN221,新市夜市,台南,新市區,台南市新市區新市夜市,23.1009928,120.2835895,夜市,,每日,台南市新市區新市夜市,新市區每日營業的在地夜市,manual,2026-07-18
TN222,歸仁夜市,台南,歸仁區,台南市歸仁區歸仁夜市,22.6423283,120.3418779,夜市,,每日,台南市歸仁區歸仁夜市,歸仁區每日營業的在地夜市,manual,2026-07-18
TN223,麻豆夜市,台南,麻豆區,台南市麻豆區麻豆夜市,23.1843721,120.2457677,夜市,,每日,台南市麻豆區麻豆夜市,麻豆區每日營業的在地夜市,manual,2026-07-18
TN224,佳里夜市,台南,佳里區,台南市佳里區佳里夜市,23.2382164,120.3721808,夜市,,每日,台南市佳里區佳里夜市,佳里區每日營業的在地夜市,manual,2026-07-18
TN225,西港夜市,台南,西港區,台南市西港區西港夜市,23.235116,120.414103,夜市,,每日,台南市西港區西港夜市,西港區每日營業的小型夜市,manual,2026-07-18
TN226,新化夜市,台南,新化區,台南市新化區新化夜市,23.1009928,120.2835895,夜市,,每日,台南市新化區新化夜市,新化區每日營業的在地夜市,manual,2026-07-18
TN227,白河夜市,台南,白河區,台南市白河區白河夜市,23.3510746,120.4125394,夜市,,每日,台南市白河區白河夜市,白河區每日營業的在地夜市,manual,2026-07-18
TN228,東山夜市,台南,東山區,台南市東山區東山夜市,23.3229622,120.4045311,夜市,,每日,台南市東山區東山夜市,東山區每日營業的在地夜市,manual,2026-07-18
TN229,六甲夜市,台南,六甲區,台南市六甲區六甲夜市,23.2382164,120.3721808,夜市,,每日,台南市六甲區六甲夜市,六甲區每日營業的在地夜市,manual,2026-07-18
TN230,下營夜市,台南,下營區,台南市下營區下營夜市,23.2921955,120.2746118,夜市,,每日,台南市下營區下營夜市,下營區每日營業的在地夜市,manual,2026-07-18
TN231,柳營夜市,台南,柳營區,台南市柳營區柳營夜市,23.2610891,120.311998,夜市,,每日,台南市柳營區柳營夜市,柳營區每日營業的在地夜市,manual,2026-07-18
TN232,後壁夜市,台南,後壁區,台南市後壁區後壁夜市,23.1519791,120.2403932,夜市,,每日,台南市後壁區後壁夜市,後壁區每日營業的在地夜市,manual,2026-07-18
TN233,楠西夜市,台南,楠西區,台南市楠西區楠西夜市,24.1554663,120.6527367,夜市,,每日,台南市楠西區楠西夜市,楠西區每日營業的在地夜市,manual,2026-07-18
CY234,嘉樂福夜市,嘉義,西區,嘉義市西區嘉樂福夜市,23.4713582,120.4332225,夜市,,週四五六日,嘉義市西區嘉樂福夜市,嘉義西區週四五六日營業的大型夜市,manual,2026-07-18
CY235,湖美夜市,嘉義,東區,嘉義市東區湖美夜市,25.0015685,121.552998,夜市,,每日,嘉義市東區湖美夜市,嘉義東區湖美每日營業的在地夜市,manual,2026-07-18
CY236,彌陀夜市,嘉義,東區,嘉義市東區彌陀夜市,23.4647982,120.4661076,夜市,,每日,嘉義市東區彌陀夜市,嘉義東區彌陀每日營業的在地夜市,manual,2026-07-18
CH237,花壇夜市,彰化,花壇鄉,彰化縣花壇鄉花壇夜市,24.0281506,120.5426629,夜市,,每日,彰化縣花壇鄉花壇夜市,花壇鄉每日營業的在地夜市,manual,2026-07-18
ML238,後龍夜市,苗栗,後龍鎮,苗栗縣後龍鎮後龍夜市,24.4706557,120.8155346,夜市,,每日,苗栗縣後龍鎮後龍夜市,後龍鎮每日營業的在地夜市,manual,2026-07-18
ML239,竹南夜市,苗栗,竹南鎮,苗栗縣竹南鎮竹南夜市,24.4760142,121.339076,夜市,,每日,苗栗縣竹南鎮竹南夜市,竹南鎮每日營業的在地夜市,manual,2026-07-18
ML240,頭份夜市,苗栗,頭份市,苗栗縣頭份市頭份夜市,24.6793555,120.8852555,夜市,,每日,苗栗縣頭份市頭份夜市,頭份市每日營業的在地夜市,manual,2026-07-18
NT2241,草鞋墩人文觀光夜市,南投,草屯鎮,南投縣草屯鎮草鞋墩人文觀光夜市,23.9884037,120.6870563,夜市,,每日,南投縣草屯鎮草鞋墩人文觀光夜市,草屯鎮每日營業的人文觀光夜市,manual,2026-07-18
NT2242,埔里城觀光夜市,南投,埔里鎮,南投縣埔里鎮埔里城觀光夜市,25.0022293,121.30632,夜市,,每日,南投縣埔里鎮埔里城觀光夜市,埔里鎮每日營業的觀光夜市,manual,2026-07-18
PT243,墾丁大街夜市,屏東,恆春鎮,屏東縣恆春鎮墾丁大街夜市,,,夜市,,每日,屏東縣恆春鎮墾丁大街夜市,墾丁大街每日營業的觀光夜市,manual,2026-07-18
PT244,屏東觀光夜市,屏東,屏東市,屏東縣屏東市屏東觀光夜市,22.6290657,120.3027243,夜市,,每日,屏東縣屏東市屏東觀光夜市,屏東市每日營業的觀光夜市,manual,2026-07-18
TT245,四維路夜市,台東,台東市,台東縣台東市四維路夜市,23.3077217,120.2768809,夜市,,每日,台東縣台東市四維路夜市,台東市四維路每日營業的在地夜市,manual,2026-07-18
TT246,蘭嶼東清夜市,台東,蘭嶼鄉,台東縣蘭嶼鄉蘭嶼東清夜市,22.0577834,121.5651961,夜市,,每日,台東縣蘭嶼鄉蘭嶼東清夜市,蘭嶼東清每日營業的特色離島夜市,manual,2026-07-18
PH247,文澳祖師廟幸福小夜市,澎湖,馬公市,澎湖縣馬公市文澳祖師廟幸福小夜市,,,夜市,,每日,澎湖縣馬公市文澳祖師廟幸福小夜市,馬公文澳祖師廟旁每日營業的小夜市,manual,2026-07-18