id,name,county,type,spots,description,source,updated_at
KLR001,和平島・正濱漁港・廟口一日遊,基隆,一般路線,正濱漁港彩虹屋|阿根納造船廠遺址|和平島公園|中正公園|基隆廟口夜市,經典基隆海港路線，從台版威尼斯彩色島正濱漁港出發，順遊廢墟風阿根納造船廠，再到和平島公園看海蝕地形，傍晚到中正公園俯瞰港都全景，晚上逛廟口夜市吃美食,manual,2026-07-18
KLR002,八斗子潮境・海科館一日遊,基隆,一般路線,望海巷跨海景觀橋|國立海洋科技博物館|深澳鐵道自行車|八斗子觀光漁港|潮境公園|忘憂谷（望幽谷）,親子自然路線，先走望海巷跨海景觀橋看海景，再到海科館或深澳鐵道自行車，下午到潮境公園看飛天掃把、鸚鵡螺溜滑梯，最後走忘憂谷步道看翠綠山谷與無敵海景,manual,2026-07-18
KLR003,外木山・佛手洞・情人湖一日遊,基隆,一般路線,大武崙砲台|情人湖|外木山濱海風景區|海興游泳池|仙洞巖|佛手洞|白米甕砲台,基隆西岸秘境路線，從大武崙砲台看歷史遺跡，到情人湖散步，再到外木山海興游泳池免費玩水浮潛，最後探索全台最大海蝕洞迷宮仙洞巖與佛手洞,manual,2026-07-18
KLR004,基隆嶼登島一日遊,基隆,一般路線,基隆港|基隆嶼|基隆嶼燈塔|和平島公園,夏季限定路線，從碧砂漁港搭船登基隆嶼，登島申請繞島看火山島嶼地質景觀，上燈塔俯瞰大海，回程可順遊和平島公園,manual,2026-07-18
KLR005,基隆市區文化一日遊,基隆,一般路線,基隆車站|太平青鳥書局|海洋廣場|二沙灣砲台（海門天險）|球子山燈塔|基隆廟口夜市,市區文化散步路線，從基隆車站出發，到太平青鳥書局看書喝咖啡，到海洋廣場看郵輪進港，走訪二沙灣砲台歷史古蹟，再到球子山燈塔看無敵海景，晚上到廟口夜市,manual,2026-07-18
KLR006,基隆雨天散策・海科館到廟口,基隆,雨天路線,國立海洋科技博物館|陽明海洋文化藝術館|KEELUNG 地標展演空間|太平青鳥書局|天一香肉羹順（廟口31號攤）|三兄弟豆花,陰雨天也能暢遊基隆，從海科館沉浸海洋知識，到陽明海洋文化藝術館看航運歷史，再到太平青鳥書局窩著看書，傍晚直奔廟口夜市吃熱湯暖胃,manual,2026-07-18
KLR007,基隆樂齡海港漫遊,基隆,樂齡路線,正濱漁港彩虹屋|八斗子觀光漁港|望海巷跨海景觀橋|基隆廟口夜市,長輩專屬平地散步路線，從正濱漁港彩虹屋拍網美照，到八斗子漁港吃新鮮海產，再走望海巷跨海景觀橋賞海景，全程無爬坡無階梯,manual,2026-07-18
KLR008,基隆廟口美食接力賽,基隆,景點加美食,天一香肉羹順（廟口31號攤）|李鵠餅店|連珍糕餅|手工炭烤吉古拉|菊姐大腸圈|三兄弟豆花,從天一香百年滷肉飯起跑，一路吃到李鵠餅店、連珍糕餅、手工炭烤吉古拉，最後來碗三兄弟豆花收尾，基隆經典小吃一站搞定,manual,2026-07-18
KLR009,食尚玩家・基隆14小時小吃美景暴走,基隆,食尚玩家,周家蔥油餅|鈴蘭燈巷|涂大吉古拉|正濱漁港彩虹屋|阿根納造船廠|陳家早點|藍白小教堂|和平島公園|圖們咖啡|找到幸福咖啡店|大坪海岸|三奇壹號咖啡館|基隆東岸商場空中跑道|海洋廣場,從凌晨蔥油餅吃到吉古拉、豬肝腸，再拍正濱漁港彩色屋、阿根納造船廠，到和平島看海蝕地形，一天14小時精華遊基隆,manual,2026-07-18
KLR010,食尚玩家・基隆塔空中書店輕旅行,基隆,食尚玩家,基隆塔|橋式起重機|天空步道|頂樓景觀平台|崆書屋House K|信二防空洞,登上20秒就到頂的基隆塔，走天空步道看北海岸視野，逛崆書屋高空書店，順遊信二防空洞,manual,2026-07-18
KLR011,食尚玩家・正濱漁港彩色漁村打卡行,基隆,食尚玩家,正濱漁港彩虹屋|熱狗舖公車站|圖們咖啡|找到幸福咖啡店|阿根納造船廠|和平島公園,以正濱漁港彩虹屋為核心，拍熱狗舖公車站，逛周邊海景步道與漁港美食,manual,2026-07-18
TPR012,台北最經典101一日遊,台北,一般路線,國父紀念館|四四南村|吉米月亮公車|台北101觀景台/象山夜景,台北最經典路線,manual,2026-07-18
TPR013,總統府＆華山文創一日遊,台北,一般路線,總統府|華山文創園區|台灣博物館|228公園,文青路線,manual,2026-07-18
TPR014,松山文創＆中正紀念堂一日遊,台北,一般路線,松山文創園區|中正紀念堂|袖珍博物館|寧夏夜市,文創+夜市,manual,2026-07-18
TPR015,北投溫泉一日遊,台北,一般路線,北投市場|新北投車站|北投圖書館|溫泉博物館|地熱谷|硫磺谷|北投溫泉飯店泡湯,溫泉之旅,manual,2026-07-18
TPR016,陽明山賞花一日遊,台北,一般路線,竹子湖採海芋/繡球花|小油坑|擎天崗|冷水坑|夢幻湖|陽明山溫泉泡湯,依季節而定,manual,2026-07-18
TPR017,古蹟＆潮流衝突一日遊,台北,一般路線,剝皮寮|龍山寺|西門町商圈|西門町住一晚,古今交錯,manual,2026-07-18
TPR018,台灣第一學府知性一日遊,台北,一般路線,台灣大學|自來水博物館|寶藏巖|公館商圈,知性路線,manual,2026-07-18
TPR019,故宮親子寓教於樂一日遊,台北,一般路線,故宮/兒童樂園|科學教育館/天文科學教育館|士林夜市,親子路線,manual,2026-07-18
TPR020,動物園、貓空親子一日遊,台北,一般路線,動物園|貓空一日遊,親子路線,manual,2026-07-18
TPR021,大稻埕行天宮古蹟一日遊,台北,一般路線,迪化街|大稻埕|行天宮|永康商圈,懷舊路線,manual,2026-07-18
TPR022,碧潭＆烏來一日遊,台北,一般路線,碧潭|烏來老街|烏來台車|烏來瀑布|烏來溫泉泡湯,新北景點,manual,2026-07-18
TPR023,淡水一日遊,台北,一般路線,淡水老街|小白宮|淡水紅毛城|漁人碼頭|淡水住一晚,新北景點,manual,2026-07-18
TPR024,平溪一日遊,台北,一般路線,猴硐貓村|十分老街|十分瀑布|平溪老街|菁桐老街,新北景點,manual,2026-07-18
TPR025,石碇＆深坑一日遊,台北,一般路線,石碇千鳥湖|石碇老街|許家手工麵線|深坑老街,新北景點,manual,2026-07-18
TPR026,台北雨天文青一日遊・故宮到松菕,台北,雨天路線,國立故宮博物院|士林夜市|國立台灣科學教育館|誠品生活松菕店|松山文創園區,雨天最適合逛博物館，上午看故宮國寶，中午到士林吃小吃，下午到科學教育館看展覽，傍晚到松山文創園區逛設計小店,manual,2026-07-18
TPR027,台北樂齡植物園散步,台北,樂齡路線,228公園|台灣博物館|中正紀念堂|永康商圈|鼎泰豐信義店,長輩最愛的台北平地路線，從228公園悠閒散步，到中正紀念堂看憲兵交接，再到永康商圈吃鼎泰豐，全程平地好走,manual,2026-07-18
TPR028,台北牛肉麵一條街吃到飽,台北,景點加美食,阜杭豆漿|建宏牛肉麵|林東芳牛肉麵|穆記牛肉麵|劉芋仔,台北是牛肉麵一級戰區，從建宏到林東芳再到穆記，一次收集台北三大名店，中途穿插阜杭豆漿和劉芋仔，麵食控的朝聖之旅,manual,2026-07-18
TPR029,食尚玩家・台北捷運經典觀光一日遊,台北,食尚玩家,中正紀念堂|永康街|台北101觀景台|象山步道|信義商圈|饒河夜市,搭捷運玩台北經典路線，從中正紀念堂出發，逛永康街吃午餐，上台北101觀景台看城市天際線，傍晚象山看夕陽，晚上饒河夜市收尾,manual,2026-07-18
TPR030,食尚玩家・台北老城文化散步路線,台北,食尚玩家,龍山寺|剝皮寮歷史街區|西門町|迪化街|大稻埕碼頭|寧夏夜市,走訪萬華古蹟與老街，從龍山寺拜拜出發，逛剝皮寮紅磚街屋，轉西門町快閃，再到迪化街大稻埕看夕陽，晚上寧夏夜市吃小吃,manual,2026-07-18
TPR031,食尚玩家・台北南機場美食與植物園一日遊,台北,食尚玩家,台北植物園|國立歷史博物館|南機場夜市|山內雞肉|吾旺再季|阿男麻油雞|臭老闆臭豆腐,走訪南機場夜市必比登美食，順遊免門票植物園與翻新史博館，吃遍山內雞肉、吾旺再季、阿男麻油雞等名店,manual,2026-07-18
TPR032,食尚玩家・台北玫瑰展晴光市場一日遊,台北,食尚玩家,行天宮|晴光市場|花博新生園區玫瑰展|北美館|圓山驛關東煮|不萊梅義大利麵|第一土鵝,春季限定台北玫瑰展攻略，從行天宮出發，逛晴光市場吃美食，賞全台最大玫瑰花展，再到北美館看展，最後圓山周邊吃美食,manual,2026-07-18
TPR033,食尚玩家・北投溫泉一條街日式浴場行,台北,食尚玩家,日勝生加賀屋|北投溫泉街|京都風老宅|氣球蔥油餅|北投市場,搭捷運到北投，泡百年日式浴場，走京都風老宅打卡，吃氣球蔥油餅，感受台北唯一溫泉鄉的日式氛圍,manual,2026-07-18
NTPR034,九份一日遊,新北,一般路線,陰陽海|黃金瀑布|黃金博物館|不厭亭|九份老街|九份住一晚,新北景點，黃金山城,manual,2026-07-18
NTPR035,新北雨天文化館巡禮・十三行到鶯歌,新北,雨天路線,新北市立十三行博物館|鶯歌陶瓷博物館|府中15動畫故事館|林家花園（板橋）|板橋高記生炒鱔魚,雨天就逛博物館！從八里十三行博物館看考古遺址，到鶯歌陶瓷博物館賞陶藝，再到府中15看動畫展，最後到林家花園看傳統園林,manual,2026-07-18
NTPR036,新北樂齡淡水老街慢遊,新北,樂齡路線,淡水老街|小白宮|淡水紅毛城|漁人碼頭|老牌阿給|淡水老牌可口魚丸,長輩最愛的淡水線，從淡水老街走到紅毛城、小白宮，再搭船到漁人碼頭看夕陽，全程平地無階梯，走累了就吃阿給,manual,2026-07-18
NTPR037,新北九份到深坑老街吃透透,新北,景點加美食,九份老街|九份阿妹茶樓|深坑老街|鶯歌阿婆壽司|老牌阿給|阿爸の芋圓,從九份老街阿妹茶樓喝下午茶，到深坑老街吃豆腐料理，再到鶯歌阿婆壽司，新北老街美食一日吃遍,manual,2026-07-18
NTPR038,食尚玩家・北海岸海景咖啡一日遊,新北,食尚玩家,淺水灣海濱公園|芝蘭公園海上觀景平台|老梅綠石槽|石門洞|富貴角燈塔|金山老街|跳石海岸,從三芝淺水灣出發，沿台2線玩石門洞、富貴角燈塔，到金山老街吃美食，沿途拍海景步道與秘境咖啡廳,manual,2026-07-18
NTPR039,食尚玩家・碧潭水岸光明街美食行,新北,食尚玩家,碧潭風景區|碧潭吊橋|光明街商圈|新店溪河岸步道,碧潭風景區划船看風景，逛光明街商圈吃10家人氣美食，新店一日遊輕鬆走,manual,2026-07-18
NTPR040,食尚玩家・三重空軍一村與夜市美食行,新北,食尚玩家,空軍三重一村|三和夜市|今大滷肉飯|鴨鴨公園|熊猴森樂園,走訪空軍三重一村體驗眷村文化，逛三和夜市吃今大滷肉飯等在地美食，親子景點鴨鴨公園與熊猴森樂園,manual,2026-07-18
NTPR041,食尚玩家・萬里大鵬足湯公園金山老街行,新北,食尚玩家,大鵬足湯公園|金山老街|金山財神廟|金包里鴨肉,免費泡湯景點大鵬足湯公園，煮溫泉蛋，順遊金山老街與金山財神廟,manual,2026-07-18
NTPR042,淡水文化古蹟一日遊,新北,一般路線,[object Object]|[object Object]|[object Object]|[object Object]|[object Object],,manual,2026-07-18
NTPR043,平溪十分瀑布小火車之旅,新北,一般路線,[object Object]|[object Object]|[object Object]|[object Object]|[object Object],,manual,2026-07-18
NTPR044,烏來溫泉老街一日遊,新北,一般路線,[object Object]|[object Object]|[object Object]|[object Object]|[object Object],,manual,2026-07-18
NTPR045,九份金瓜石山城之旅,新北,一般路線,[object Object]|[object Object]|[object Object]|[object Object]|[object Object],,manual,2026-07-18
NTPR046,深坑石碇古道美食行,新北,一般路線,[object Object]|[object Object]|[object Object]|[object Object]|[object Object],,manual,2026-07-18
NTPR047,鶯歌陶瓷三峽老街文創之旅,新北,一般路線,[object Object]|[object Object]|[object Object]|[object Object]|[object Object],,manual,2026-07-18
NTPR048,板橋都會文化一日遊,新北,一般路線,[object Object]|[object Object]|[object Object]|[object Object]|[object Object],,manual,2026-07-18
YLR049,宜蘭市一日遊,宜蘭,一般路線,幾米公園|宜蘭文學館|宜蘭設治紀念館|宜蘭酒廠|積木博物館|東門夜市,市區文化路線,manual,2026-07-18
YLR050,傳藝中心＋羅東夜市一日遊,宜蘭,一般路線,宜蘭傳藝中心|冬山河親水公園/中興文創園區|羅東林業文化園區|羅東夜市,傳藝+夜市,manual,2026-07-18
YLR051,礁溪一日遊,宜蘭,一般路線,林美石磐步道/五峰旗瀑布|龍潭湖|金車水產養殖中心|湯圍溝溫泉公園|空ㄟ農場,溫泉之鄉,manual,2026-07-18
YLR052,頭城一日遊,宜蘭,一般路線,蘭陽博物館|頭城老街|龜山島/外澳沙灘|伯朗咖啡城堡,海邊路線,manual,2026-07-18
YLR053,冬山一日遊,宜蘭,一般路線,宜農牧場|斑比山丘|梅花湖|冬山伯朗大道|邱準射擊博物館/新寮瀑布,親子路線,manual,2026-07-18
YLR054,員山一日遊,宜蘭,一般路線,福山植物園(需申請)|望龍埤|金車噶瑪蘭威士忌酒廠|香草菲菲,自然路線,manual,2026-07-18
YLR055,蘇澳一日遊,宜蘭,一般路線,粉鳥林|南方澳觀景台|南方澳漁港|豆腐岬|內埤海灘|蘇澳冷泉,漁港路線,manual,2026-07-18
YLR056,明池＋清水地熱一日遊,宜蘭,一般路線,明池|清水地熱|天送埤車站|張美阿嬤農場,山林路線,manual,2026-07-18
YLR057,太平山一日遊,宜蘭,一般路線,翠峰湖|太平山蹦蹦車|見晴懷古步道|鳩之澤溫泉,建議留宿太平山,manual,2026-07-18
YLR058,宜蘭觀光工廠一日遊,宜蘭,一般路線,蜡藝蠟筆城堡|奇麗灣珍奶文化館|計程車博物館|溪和水產觀光工廠|虎牌米粉,觀光工廠路線,manual,2026-07-18
YLR059,宜蘭雨天文創散策・傳藝到幾米,宜蘭,雨天路線,國立傳統藝術中心|中興文化創意園區|幾米主題廣場|蘭陽博物館|宜蘭美術館,雨天就泡在室內文創空間，從傳藝中心看傳統工藝，到中興文創園區逛設計小店，再到幾米主題廣場拍照打卡，最後到蘭陽博物館看展,manual,2026-07-18
YLR060,宜蘭樂齡梅花湖慢活,宜蘭,樂齡路線,梅花湖|羅東林業文化園區|羅東夜市|冬山河親水公園/中興文創園區,長輩宜蘭輕鬆遊，從梅花湖環湖散步，到羅東林業文化園區看老火車頭，再到羅東夜市吃美食，全程平地無爬坡,manual,2026-07-18
YLR061,宜蘭羅東夜市吃到飽,宜蘭,景點加美食,信利號阿塗貓耳朵|柯氏蔥油餅|礁溪春捲伯|頂埔阿嬤蔥油餅|老店瓜仔雞（原十六崁）|阿娘給的蒜味肉羹,羅東夜市是宜蘭美食大本營，從信利號阿塗貓耳朵到柯氏蔥油餅，再到礁溪春捲伯，一路吃遍宜蘭經典小吃,manual,2026-07-18
YLR062,食尚玩家・蘇澳南方澳海港美食一日遊,宜蘭,食尚玩家,阿英小吃部|蘇澳市場甘蔗汽水|南方澳蝦餅|三興魚罐|阿賽喇冰|蘇澳港廟口廖榮川米糕|粉鳥林的一把小雨傘|粉鳥林漁港,從蘇澳市場出發吃煙燻魚雜、甘蔗汽水，到南方澳吃比臉大蝦餅、百年喇冰，再到粉鳥林秘境看藍寶石海灣,manual,2026-07-18
YLR063,食尚玩家・宜蘭礁溪溫泉親子一日遊,宜蘭,食尚玩家,金車礁溪蘭花園|蔥澡|甲鳥園|水鹿咖啡|潭酵天地觀光工廠|跑馬古道公園|回巢農場,礁溪泡溫泉、逛金車蘭花園、體驗蔥澡文創空間，到甲鳥園餵鴨子，走跑馬古道公園,manual,2026-07-18
YLR064,食尚玩家・宜蘭童玩節冬山河親子遊,宜蘭,食尚玩家,鴨寮故事館|冬山河親水公園|國立傳統藝術中心|來來牛排館,暑假宜蘭童玩節順遊，餵鴨鴨加紅土鹹鴨蛋DIY，逛傳藝中心，吃來來牛排館高CP值牛排,manual,2026-07-18
YLR065,食尚玩家・宜蘭梅花湖花生捲冰淇淋行,宜蘭,食尚玩家,阿珠姨豆漿店|長春小吃店|梅花湖風景區|阿信花生捲冰淇淋,跟著林美秀張再興吃遍羅東美食，到梅花湖吃花生捲冰淇淋，逛周邊景點,manual,2026-07-18
TYR066,中壢、平鎮一日遊,桃園,一般路線,Xpark|華泰名品城|羊世界牧場|馬祖新村|中壢觀光夜市,親子+購物,manual,2026-07-18
TYR067,龍潭一日遊,桃園,一般路線,三坑自然生態公園|太平紅橋|三坑老街|龍潭大池|手信霧隱城,客家庄,manual,2026-07-18
TYR068,大溪一日遊1,桃園,一般路線,石門水庫|大溪老街|大溪河濱公園,老街+水庫,manual,2026-07-18
TYR069,大溪一日遊2,桃園,一般路線,富田花園農場|慈湖|天御花園|花開了休閒農場|大溪老茶廠,花園路線,manual,2026-07-18
TYR070,桃園區一日遊,桃園,一般路線,桃園77藝文町|虎頭山公園|奧爾森林學堂|桃園忠烈祠|虎頭山環保公園,市區路線,manual,2026-07-18
TYR071,蘆竹、大園、觀音一日遊,桃園,一般路線,山腳鹿場|坑口彩繪村|竹圍漁港|許厝港溼地|觀音草漯沙丘,海線路線,manual,2026-07-18
TYR072,楊梅、新屋一日遊,桃園,一般路線,埔心牧場|新屋綠色隧道|永安漁港,牧場+海邊,manual,2026-07-18
TYR073,復興一日遊,桃園,一般路線,小烏來天空步道|綠光森林|角板山行館|新溪口吊橋,山區路線,manual,2026-07-18
TYR074,桃園雨天親子室內樂・Xpark到巧克力共和國,桃園,雨天路線,Xpark水族館|華泰名品城|巧克力共和國|桃園77藝文町|郭元益糕餅博物館,雨天最佳親子路線，從Xpark水族館看企鵝，到華泰名品城逛Outlet，再到巧克力共和國做DIY，最後到桃園77藝文町看展覽,manual,2026-07-18
TYR075,桃園樂齡大溪老街漫遊,桃園,樂齡路線,大溪老街|大溪河濱公園|龍潭大池|三坑老街|大溪賴記豆干,長輩最愛的大溪線，從大溪老街吃豆干散步，到大溪河濱公園看河景，再到龍潭大池看湖光，全程平地輕鬆走,manual,2026-07-18
TYR076,桃園中壢夜市美食衝刺,桃園,景點加美食,中壢觀光夜市|八德興仁花園夜市|老牌曾水煎包|鶯桃肉圓|金小蔥雞湯米粉|大溪老街香腸哥,從中壢觀光夜市出發，吃遍八德興仁花園夜市、老牌曾水煎包、鶯桃肉圓，桃園夜市美食接力賽,manual,2026-07-18
TYR077,食尚玩家・桃園眷村忠貞市場米干行,桃園,食尚玩家,忠貞市場|米干店|甩餅店|馬祖新村|永川牛肉麵,中壢忠貞市場吃雲南米干、甩餅，逛馬祖新村手作散步，最後永川牛肉麵收尾，體驗桃園眷村文化,manual,2026-07-18
TYR078,食尚玩家・桃園竹圍漁港海鮮一日遊,桃園,食尚玩家,竹圍漁港魚產品直銷中心|豬鼻子沙灘|竹圍海水浴場|彩虹橋|賜福船長的店|鰻天下,竹圍漁港買現撈海鮮，走彩虹橋地標，逛豬鼻子沙灘打卡，吃賜福船長無菜單海鮮料理,manual,2026-07-18
TYR079,食尚玩家・桃園觀音百合花海綠色隧道行,桃園,食尚玩家,白千層鐵砲百合花園|白千層綠色隧道|全村的希望麵包工廠,觀音白千層鐵砲百合花園賞花，走白千層綠色隧道，到全村的希望麵包工廠買麵包,manual,2026-07-18
HCR080,新竹市區親子一日遊,新竹,一般路線,新竹動物園|新竹公園|新竹城隍廟|護城河親水公園|新竹眷村博物館,市區親子,manual,2026-07-18
HCR081,新竹海線一日遊,新竹,一般路線,南寮漁港|17公里海岸線|香山濕地|青青草原,海線路線,manual,2026-07-18
HCR082,薰衣草森林、內灣一日遊,新竹,一般路線,薰衣草森林|六號花園|內灣吊橋|內灣老街|合興車站,花田+老街,manual,2026-07-18
HCR083,尖石一日遊,新竹,一般路線,青蛙石天空步道|宇老觀景台|老鷹溪步道|數碼天空,山區路線,manual,2026-07-18
HCR084,北埔一日遊,新竹,一般路線,綠世界生態農場|北埔老街|北埔冷泉,客家老街,manual,2026-07-18
HCR085,關西一日遊,新竹,一般路線,馬武督探索森林|關西老街|東安古橋|小熊博物館|關西仙草博物館,小鎮路線,manual,2026-07-18
HCR086,五峰一日遊,新竹,一般路線,山上人家|張學良文化園區|雪霸休閒農場,建議住一晚,manual,2026-07-18
HCR087,新埔、湖口一日遊,新竹,一般路線,味衛佳柿餅(9-1月限定)|普羅旺斯小木屋|湖口好客文創園區|湖口老街|山丘上景觀咖啡館,柿餅季節限定,manual,2026-07-18
HCR088,新豐、竹北一日遊,新竹,一般路線,新豐紅樹林|新瓦屋客家文化保存區|厚食聚落|豆腐岩|新月沙灣,客家+海邊,manual,2026-07-18
HCR089,新竹雨天玻璃藝境・竹塹城內散步,新竹,雨天路線,玻璃工藝博物館|巨城購物中心|新竹市立美術館|蕭如松藝術園區|廟口鴨香飯,雨天逛新竹室內景點，從玻璃工藝博物館看琉璃藝術，到巨城購物中心逛街吃飯，再到新竹市立美術館看展，最後到蕭如松藝術園區感受日式建築,manual,2026-07-18
HCR090,新竹樂齡南寮漁港海風吹,新竹,樂齡路線,南寮漁港|新竹公園|新竹城隍廟|護城河親水公園|廟口鴨香飯,長輩新竹輕鬆遊，從南寮漁港散步吃海鮮，到新竹公園看花開，再到城隍廟拜拜吃貢丸米粉，全程平地好走,manual,2026-07-18
HCR091,新竹城隍廟口美食大亂鬥,新竹,景點加美食,廟口鴨香飯|西市汕頭館|段純真牛肉麵|梅花雞蛋糕|北門炸粿|范阿嬤野薑花粽,新竹美食集中城隍廟周邊，從廟口鴨香飯到西市汕頭館，再到段純真牛肉麵，最後來份梅花雞蛋糕，新竹必吃一站清,manual,2026-07-18
HCR092,食尚玩家・新竹老宅美食與冰雪溜滑梯一日遊,新竹,食尚玩家,新竹車站|湯明茶樓|硬派主廚的軟嫩料理|貓的堅持|被耽誤的炒麵店|東門米粉攤|小叮噹科學主題樂園|春池綠能玻璃觀光工廠,從新竹車站出發，吃湯明茶樓銷魂控肉、硬派主廚舒育牛排，再到小叮噹樂園玩冰雪溜滑梯，最後春池玻璃工廠手作DIY,manual,2026-07-18
HCR093,食尚玩家・新竹南寮漁港海風一日遊,新竹,食尚玩家,新竹漁港旅遊服務中心|南寮魚鱗天梯|波光市集|國際風箏賽場|17公里海岸線|Bliss捲捲|海屋Cafe,南寮漁港看魚鱗天梯、逛波光市集、17公里海岸線騎單車，吃Bliss捲捲肉桂捲與海屋咖啡,manual,2026-07-18
HCR094,食尚玩家・新竹內灣老街客家美食行,新竹,食尚玩家,內灣老街|利興飲食店|虎帽金工|合興愛情車站|遷徙咖啡民宿,逛內灣老街吃60年客家菜利興飲食店，到合興愛情車站拍美照，體驗虎帽金工手作,manual,2026-07-18
MLR095,三義一日遊,苗栗,一般路線,舊山線鐵道自行車|龍騰斷橋|勝興車站|山那邊．綠葉方舟|卓也小屋,鐵道+文創,manual,2026-07-18
MLR096,南庄一日遊,苗栗,一般路線,蓬萊溪護魚步道|神仙谷瀑布|南庄老街|蘇維拉莊園,山林+老街,manual,2026-07-18
MLR097,大湖一日遊,苗栗,一般路線,大湖草莓園(11-4月)|大湖酒莊|巧克力雲莊|天空之城,草莓季限定,manual,2026-07-18
MLR098,竹南一日遊,苗栗,一般路線,竹南啤酒廠|崎頂車站|崎頂子母隧道|龍鳳漁港|四方鮮乳牧場,海線路線,manual,2026-07-18
MLR099,苗栗市、公館、銅鑼一日遊,苗栗,一般路線,功維敘步道|客家文化館|台灣油礦陳列館|桐遊柿界,客家文化,manual,2026-07-18
MLR100,泰安、獅潭一日遊,苗栗,一般路線,汶水老街|烏嘎彥竹林|清安豆腐街|泰安溫泉,溫泉路線,manual,2026-07-18
MLR101,頭屋、後龍一日遊,苗栗,一般路線,明德水庫|日新島|雅聞七里香玫瑰森林|客家圓樓|半天寮好望角,湖景路線,manual,2026-07-18
MLR102,通霄一日遊,苗栗,一般路線,飛牛牧場|台鹽通霄觀光園區,親子牧場,manual,2026-07-18
MLR103,苗栗雨天木雕與客家文化巡禮,苗栗,雨天路線,三義木雕博物館|客家文化園區|苗栗工藝園區|南庄老街桂花巷|金榜麵館,雨天最適合看展覽，從三義木雕博物館欣賞木雕藝術，到客家文化園區了解客家歷史，再到南庄老街桂花巷喝擂茶，全程室內不怕雨,manual,2026-07-18
MLR104,苗栗樂齡飛牛牧場與老街散步,苗栗,樂齡路線,飛牛牧場|勝興車站|南庄老街|汶水老街|清安豆腐街,長輩苗栗輕鬆遊，從飛牛牧場餵動物散步，到勝興車站看老火車，再到南庄老街桂花巷吃客家菜，全程平地無爬坡,manual,2026-07-18
MLR105,苗栗三義到南庄客家美食接力,苗栗,景點加美食,三義穎川美食館|南庄飯盆頭客家菜|清安豆腐街|金榜麵館|賴新魁麵店|通霄廟口阿嬤臭豆腐,苗栗客家美食之旅，從三義穎川美食館客家菜起手，到南庄飯盆頭吃客家菜，再到清安豆腐街吃豆腐，最後來碗金榜麵館收尾,manual,2026-07-18
MLR106,食尚玩家・苗栗南庄老街客家美食行,苗栗,食尚玩家,南庄老街|老金龍飯店|江記花蜜桂花巷花茶湯圓|蘇維拉莊園Sud Vista,跟著李易林莎遊南庄，吃老金龍飯店客家菜，喝江記花蜜桂花巷花茶湯圓，逛蘇維拉莊園,manual,2026-07-18
MLR107,食尚玩家・苗栗大湖銅鑼採草莓一日遊,苗栗,食尚玩家,六合高架草莓園|石湯溫泉|莫內秘密花園|大湖酒莊,大湖採高架草莓，順遊石湯溫泉、莫內秘密花園，吃苗栗在地客家美食,manual,2026-07-18
MLR108,食尚玩家・苗栗通霄白沙屯媽祖美食行,苗栗,食尚玩家,白沙屯拱天宮|通霄美食街|龍鳳漁港|竹南海景步道,白沙屯拱天宮參拜，吃通霄15家在地美食，走龍鳳漁港海景步道,manual,2026-07-18
TCR109,台中歌劇院＋彩虹眷村一日遊,台中,一般路線,台中國家歌劇院|分子藥局|彩虹眷村|筏子溪迎賓廊道|望高寮夜景公園,經典路線,manual,2026-07-18
TCR110,審計新村＋草悟道一日遊,台中,一般路線,審計新村|范特喜文創聚落|草悟道|咖波屋|勤美誠品綠園道|第六市場,文創路線,manual,2026-07-18
TCR111,東海＋中央公園＋逢甲一日遊,台中,一般路線,東海大學|中央公園|秋紅谷廣場|逢甲夜市,校園+夜市,manual,2026-07-18
TCR112,網美IG打卡一日遊,台中,一般路線,宮原眼科|第四信用合作社|動漫彩繪巷|台中文學館|台中刑務所|新天地西洋博物館|柳川藍帶水岸,IG打卡,manual,2026-07-18
TCR113,台中北屯一日遊,台中,一般路線,心之芳庭|紙箱王創意園區|大坑情人橋|一德洋樓|洲際棒球文化園區,親子路線,manual,2026-07-18
TCR114,新社一日遊,台中,一般路線,新社花海(11-12月限定)|新社莊園古堡|薰衣草森林|沐心泉休閒農場,花季路線,manual,2026-07-18
TCR115,外埔、梧棲、清水一日遊,台中,一般路線,外埔忘憂谷|梧棲漁港|高美濕地|鳌峰山觀景平台|清水服務區,海線路線,manual,2026-07-18
TCR116,后里一日遊,台中,一般路線,泰安鐵道文化園區|泰安落羽松秘境/中社觀光花市|星月大地|月眉糖廠|麗寶Outlet,鐵道+Outlet,manual,2026-07-18
TCR117,后里、豐原、東勢腳踏車一日遊,台中,一般路線,后豐鐵馬道|東豐自行車綠廊|廟東夜市,自行車路線,manual,2026-07-18
TCR118,大里＋霧峰一日遊,台中,一般路線,Dali Art藝術廣場|東湖公園|霧峰林家宮保第園區|光復新村|921地震教育園區,文化路線,manual,2026-07-18
TCR119,台中雨天文青博物館馬拉松,台中,雨天路線,國立自然科學博物館|國立台灣美術館|審計新村|誠品生活480|台中國家歌劇院,雨天逛台中三大室內景點，從科博館看恐龍，到台灣美術館看展覽，再到審計新村逛文創小店，最後到誠品生活480看書喝咖啡,manual,2026-07-18
TCR120,台中樂齡草悟道城市散步,台中,樂齡路線,勤美誠品綠園道|草悟道|審計新村|柳川藍帶水岸|宮原眼科,長輩台中城市漫步，從勤美誠品綠園道出發，沿草悟道走到審計新村，再到柳川藍帶水岸散步，全程平地綠蔭，走累了隨時找咖啡廳休息,manual,2026-07-18
TCR121,台中逢甲到廟東夜市吃到飽,台中,景點加美食,惡魔雞排逢甲總店|激旨燒鳥總店|大坑東東芋圓|廟東清蒸蝦仁肉圓|廟東清水排骨麵|清水阿財米糕,台中美食雙夜市攻略，先逛逢甲夜市吃惡魔雞排、激旨燒鳥，再衝廟東夜市吃清水排骨麵、清蒸蝦仁肉圓，台中美食精華一次收割,manual,2026-07-18
TCR122,食尚玩家・台中高美濕地夕陽一日遊,台中,食尚玩家,高美濕地木棧道|天使光環米糕|老士官擀麵|餛飩祖師海鋒肉圓|清水燒炸粿|正牌米糕莊,高美濕地木棧道看夕陽，吃清水燒炸粿、天使光環米糕、老士官擀麵等10家人氣美食,manual,2026-07-18
TCR123,食尚玩家・台中審計新村文創市集行,台中,食尚玩家,審計新村|上山採覓|Hungry Jacob火烤漢堡|艸家煎餅果子|gai aa lobi麻辣滷味|Huii達克瓦茲,逛審計新村文創市集，吃上山採覓、艸家煎餅果子、Huii達克瓦茲等10家特色小店,manual,2026-07-18
TCR124,食尚玩家・台中梧棲漁港海洋館一日遊,台中,食尚玩家,梧棲漁港|台中海洋館|高美濕地|台中港三井OUTLET|梧棲文化出張所|梧棲老街|梧棲來來海鮮餐廳|天使光環米糕,梧棲漁港吃海鮮，逛新開幕台中海洋館，順遊高美濕地、三井OUTLET、梧棲老街,manual,2026-07-18
TCR125,食尚玩家・台中谷關溫泉泰雅料理一日遊,台中,食尚玩家,谷關溫泉文化館|谷關溫泉公園|泰雅星鮮美食餐廳|谷關步道|谷關吊橋|明治溫泉老街,谷關泡溫泉、走谷關步道吊橋，吃泰雅星鮮美食餐廳原住民料理，逛明治溫泉老街日式燈籠,manual,2026-07-18
NT2R126,日月潭一日遊,南投,一般路線,朝霧碼頭|向山遊客中心|水社碼頭|文武廟|九蛙疊像|伊達邵碼頭|慈恩塔|玄光寺|喝喝茶,日月潭經典,manual,2026-07-18
NT2R127,清境一日遊,南投,一般路線,清境農場|清境天空步道|小瑞士花園|夢谷瀑布,高山農場,manual,2026-07-18
NT2R128,埔里一日遊,南投,一般路線,寶湖宮天地堂地母廟|元首館|埔里酒廠|妮娜巧克力夢想城堡|紙教堂,酒廠+文創,manual,2026-07-18
NT2R129,溪頭一日遊,南投,一般路線,鳳凰谷鳥園|溪頭自然教育園區|妖怪村,森林浴,manual,2026-07-18
NT2R130,杉林溪一日遊,南投,一般路線,杉林溪森林遊樂區|忘憂森林,高山森林,manual,2026-07-18
NT2R131,南投市、中寮一日遊,南投,一般路線,中寮石龍宮|中興新村|微熱山丘三合院|猴探井天空之橋|星月天空景觀餐廳,文化路線,manual,2026-07-18
NT2R132,集集、車埕一日遊,南投,一般路線,車埕木業展示館|車埕火車站|集集綠色隧道|集集火車站|明新書院|集元果觀光工廠,鐵道路線,manual,2026-07-18
NT2R133,信義賞梅一日遊,南投,一般路線,雙龍瀑布七彩吊橋|梅子夢工廠|風櫃斗|柳家梅園,賞梅路線,manual,2026-07-18
NT2R134,南投雨天工藝與酒廠巡禮,南投,雨天路線,國立台灣工藝研究發展中心|中台世界博物館|埔里酒廠|廣興紙寮|水里蛇窯陶藝文化園區|車埕木業展示館,雨天就逛室內館舍，從台灣工藝研究發展中心看手工藝，到中台世界博物館賞佛教文物，再到埔里酒廠喝紹興酒，最後到水里蛇窯看陶藝,manual,2026-07-18
NT2R135,南投樂齡集集小火車漫遊,南投,樂齡路線,集集火車站|車埕火車站|車埕木業展示館|集集綠色隧道|中興新村,長輩南投輕鬆遊，從集集火車站搭小火車，到車埕木業展示館看林業歷史，再到中興新村散步看老房舍，全程平地無爬坡,manual,2026-07-18
NT2R136,南投埔里到清境美食縱貫線,南投,景點加美食,埔里紹興酒蛋|日月潭阿婆茶葉蛋|清境魯媽媽雲南擺夷料理|清境雲香園|阿甲肉丸|集集古早味香蕉冰,南投美食從平地吃到山上，從埔里紹興酒蛋、日月潭阿婆茶葉蛋，到清境雲南擺夷料理，一路吃上山,manual,2026-07-18
NT2R137,食尚玩家・南投市美食與集集特技村一日遊,南投,食尚玩家,王記蚵仔煎|山上山下咖哩|沒有豆花|兩兄弟美式河粉|福瑞堂|集集特技村,跟著風田朵拉吃南投美食，王記蚵仔煎、山上山下咖哩、沒有豆花，再到集集特技村體驗好萊塢等級特技,manual,2026-07-18
NT2R138,食尚玩家・日月潭環湖自行車道一日遊,南投,食尚玩家,日月潭文武廟|日月潭環湖自行車道|朝霧碼頭|向山眺望平台|湖の怪物咖啡店|金盆阿嬤香菇茶葉蛋|哖記蛋捲,日月潭文武廟拜月老，騎全台最美自行車道環湖，到朝霧碼頭看日出，向山眺望平台拍照，吃金盆阿嬤香菇茶葉蛋,manual,2026-07-18
NT2R139,食尚玩家・南投埔里紙燈巧克力一日遊,南投,食尚玩家,埔里紙廠|18度C巧克力工房|彩繪月老教堂|虎甲製冰所|雋荖廚房|埔里酒廠,埔里逛造紙工廠做紙燈DIY，吃百菇大餐，到18度C巧克力工房買伴手禮，拍彩繪月老教堂,manual,2026-07-18
CHR140,彰化市一日遊,彰化,一般路線,今夜星辰休閒農場|扇形車庫|八卦山大佛|八卦山天空步道|精誠夜市,市區路線,manual,2026-07-18
CHR141,鹿港一日遊,彰化,一般路線,鹿港天后宮|鹿港老街|桂花巷藝術村|龍山寺|台灣玻璃館|玻璃媽祖廟,古城路線,manual,2026-07-18
CHR142,員林一日遊,彰化,一般路線,琉璃仙境|百果山探索樂園|百果山溜滑梯|雲河星空景觀餐廳,親子路線,manual,2026-07-18
CHR143,永靖、社頭一日遊,彰化,一般路線,成美文化園|清水岩森林遊樂區|銀河鐵道望景餐廳,文化路線,manual,2026-07-18
CHR144,溪湖、芳苑一日遊,彰化,一般路線,溪湖糖廠|王功燈塔|王功漁港|芳苑海空步道|漢寶濕地,海線路線,manual,2026-07-18
CHR145,田尾公路花園一日遊,彰化,一般路線,田尾鳳凰花園|農村仙人掌園|菁芳園|綠果庭院|董家花田,花田路線,manual,2026-07-18
CHR146,線西、和美、秀水一日遊,彰化,一般路線,台灣優格餅乾學院|興麥蛋捲烘焙王國|卡里善之樹|水銡利廚衛生活村,觀光工廠,manual,2026-07-18
CHR147,埤頭、溪州、北斗、田中一日遊,彰化,一般路線,台灣穀堡|愛玩色創意館|小田生活mmm|溪州公園,農村路線,manual,2026-07-18
CHR148,彰化雨天玻璃與糕餅工廠探險,彰化,雨天路線,台灣玻璃館|鹿港民俗文物館|白蘭氏健康博物館|卷木森活館|興麥烘焙觀光工廠,雨天就逛觀光工廠，從台灣玻璃館看玻璃藝術，到鹿港民俗文物館看古早生活，再到白蘭氏健康博物館了解雞精製程，最後到興麥烘焙觀光工廠做麵包DIY,manual,2026-07-18
CHR149,彰化樂齡鹿港老街慢活散步,彰化,樂齡路線,鹿港天后宮|鹿港老街|龍山寺|桂花巷藝術村|鹿港老街麵線糊,長輩彰化輕鬆遊，從鹿港天后宮拜拜，到鹿港老街散步看古厝，再到龍山寺看國定古蹟，全程平地石板路，老街美食邊走邊吃,manual,2026-07-18
CHR150,彰化爌肉飯與肉圓的終極對決,彰化,景點加美食,阿璋肉圓|彰化爌肉飯|溪湖陳家祖傳豬腳爌肉飯|員林正老牌謝米糕|鹿港老街麵線糊|田中木瓜牛乳大王,彰化是爌肉飯和肉圓的故鄉，從阿璋肉圓到彰化爌肉飯，再到溪湖羊肉爐、員林正老牌謝米糕，一次吃遍彰化經典,manual,2026-07-18
CHR151,食尚玩家・彰化鹿港田中一日遊花牆打卡行,彰化,食尚玩家,福澤諭吉日式商行|鹿港桂花巷藝術村|素珠芋丸|田中窯創藝園區|田中九重葛花牆草日金道|女人香臭豆腐,鹿港福澤諭吉日式商行拍台版雷門，逛桂花巷藝術村小鹿燈籠海，吃素珠芋丸，到田中拍5米高九重葛花牆,manual,2026-07-18
CHR152,食尚玩家・彰化扇形車庫鐵道文化一日遊,彰化,食尚玩家,臺鐵彰化扇形車庫|戶羽機關車園區|彰化景觀公園|彰化開化寺|高賓閣|小西特色街巷|阿三肉圓|北門口肉圓|魚市場爌肉飯,全台唯一彰化扇形車庫看鐵道文化，逛戶羽機關車園區、小西特色街巷，吃阿三肉圓、北門口肉圓、魚市場爌肉飯,manual,2026-07-18
CHR153,食尚玩家・彰化芳苑海空步道海牛採蚵行,彰化,食尚玩家,芳苑海空步道|海牛採蚵體驗|王功漁港|王功老街,芳苑海空步道看濕地生態，體驗全台唯一海牛採蚵，逛王功漁港吃美食,manual,2026-07-18
YL2R154,斗六老街文創一日遊,雲林,一般路線,斗六火車站|太平老街|行啟紀念館|雲中街文創聚落|鵝媽媽鵝童樂園|斗六觀光夜市,百年太平老街巴洛克建築、日式文創聚落、觀光工廠與夜市美食，斗六是雲林政經文化中心，適合散步走讀舊城生活圈,manual,2026-07-18
YL2R155,虎尾昭和古都一日遊,雲林,一般路線,虎尾合同廳舍|雲林故事館|雲林布袋戲館|虎尾糖廠|虎尾鐵橋與同心公園|興隆毛巾觀光工廠,台灣保存最完整的昭和時代建築群，從日式廳舍到布袋戲館、百年糖廠，走讀糖鄉的歷史與偶戲文化,manual,2026-07-18
YL2R156,北港媽祖文化巡禮一日遊,雲林,一般路線,北港朝天宮|北港老街|北港武德宮|水道頭十角水塔|北港觀光大橋|北港星巴克(百年古蹟),台灣媽祖信仰重鎮，三百年宗教藝術雕刻、傳統製香製餅老店、狀元餅與鴨肉飯，感受百年藝鎮的歷史風華,manual,2026-07-18
YL2R157,古坑咖啡山城慢旅一日遊,雲林,一般路線,古坑綠色隧道市集|蜜蜂故事館|蘿莎玫瑰山莊|福祿壽觀光酒廠|古坑地母廟|萬年峽谷|華山咖啡大街,台灣咖啡故鄉，綠色隧道假日市集、蜜蜂生態體驗、萬年峽谷壯麗地形，最後在華山咖啡大街品茗看夜景,manual,2026-07-18
YL2R158,西螺醬香老街一日遊,雲林,一般路線,西螺大橋|西螺延平老街|丸莊醬油觀光工廠|瑞春醬油觀光工廠|福興宮太平媽|西螺大橋蝴蝶公園|埤頭繪本公園,濁水溪畔的百年醬油之鄉，紅色西螺大橋地標、延平老街文創小舖、醬油工廠導覽DIY，感受懷舊小鎮風情,manual,2026-07-18
YL2R159,口湖成龍濕地海線秘境一日遊,雲林,一般路線,口湖遊客中心|成龍濕地|椬梧滯洪池(雲林小日月潭)|馬蹄蛤主題館|好蝦冏男社|梧北社區鐵花窗,西海岸秘境探索，地層下陷意外造就的濕地生態與國際藝術裝置，搭配漁村養殖體驗與鐵花窗社區故事,manual,2026-07-18
YL2R160,麥寮海線人文一日遊,雲林,一般路線,麥寮拱範宮|麥寮早市|新吉村鴨母寮紙漿藝術村|台灣生菜村|許厝寮漁港|麥寮鎮南宮夜市,雲林海線最大鄉鎮，國定古蹟拱範宮三百年歷史、生菜王國產地、漁港夕陽，體驗工業與漁業並存的海線生活,manual,2026-07-18
YL2R161,土庫老街可可莊園一日遊,雲林,一般路線,土庫驛可可莊園|土庫順天宮|土庫第一市場|土庫庄役場|源順芝麻觀光油廠|金茂利鐘錶咖啡|怪人花枝鱔魚麵,百年老街與信仰文化，全台唯一日本觀音神像的媽祖廟、可可莊園巧克力DIY、70年鐘錶行喝咖啡的時光蹉跎,manual,2026-07-18
YL2R162,林內自然生態一日遊,雲林,一般路線,林內神社遺跡|農田水利文物陳列館|龍過脈森林步道|林內紫斑蝶生態區|寶隆紙蝶生態地景園區|林內市區美食(肉羹/鵝肉),濁水溪畔小鄉鎮，日治神社鳥居、春季紫斑蝶遷徙世界級生態景觀、龍過脈步道俯瞰平原，適合春秋健行,manual,2026-07-18
YL2R163,水林蕃薯原鄉一日遊,雲林,一般路線,黃金蝙蝠生態館|顏思齊故事館|冠弦吉他樂器社|好蝦冏男社|水林黃豆甘蔗(甘蔗檸檬)|成龍濕地,開台第一鄉的歷史底蘊，全台唯一黃金蝙蝠生態館、顏思齊開拓史、烏克麗麗製作、友善養殖漁業體驗,manual,2026-07-18
YL2R164,台西海口漁村一日遊,雲林,一般路線,台西老街|海口故事屋|五條港安西府|夢幻沙灘|台西海園海螺圓環|港口味餐廳,台灣西海岸中點的純樸漁村，日式海口庄長官舍、五條港安西府信仰中心、台灣最大海螺裝置藝術地標、泥灘夕陽,manual,2026-07-18
YL2R165,褒忠花鼓之鄉一日遊,雲林,一般路線,褒忠五年千歲祖廟(馬鳴山鎮安宮)|五年千歲公園|鄧麗君出生地園區|褒忠花鼓文化館|褒忠老街,雲林面積最小的鄉鎮，花鼓文化節、五年千歲公園巨型龍船與摩天大橋、鄧麗君出生地，感受純樸小鎮的人文故事,manual,2026-07-18
YL2R166,北港虎尾經典文化一日遊,雲林,一般路線,北港朝天宮|北港老街(鴨肉飯/麵線糊)|北港武德宮財神咖啡館|虎尾合同廳舍星巴克|雲林布袋戲館|虎尾糖廠枝仔冰,第一次來雲林的經典路線，從北港媽祖信仰到虎尾糖業與偶戲文化，動線順暢、人文溫度滿滿,manual,2026-07-18
YL2R167,斗六古坑咖啡山林一日遊,雲林,一般路線,斗六太平老街(早餐)|行啟紀念館|古坑綠色隧道|蜜蜂故事館|華山咖啡大街|荷苞山桐花公園,都市與山城的完美結合，上午斗六老街漫步、下午古坑山林咖啡香，季節限定桐花雪，適合情侶與親子,manual,2026-07-18
YL2R168,雲林雨天布袋戲與毛巾工廠探奇,雲林,雨天路線,雲林布袋戲館|雲林故事館|興隆毛巾觀光工廠|源順芝麻觀光油廠|千巧谷烘焙工坊,雨天就逛雲林室內館舍，從雲林布袋戲館看布袋戲文化，到雲林故事館聽故事，再到興隆毛巾觀光工廠做毛巾DIY，最後到源順芝麻觀光油廠了解製油,manual,2026-07-18
YL2R169,雲林樂齡北港老街朝天宮巡禮,雲林,樂齡路線,北港朝天宮|北港老街|西螺延平老街|西螺大橋|北港福安鴨肉飯,長輩雲林經典路線，從北港朝天宮拜媽祖，到北港老街散步吃鴨肉飯，再到西螺延平老街看老建築，全程平地好走,manual,2026-07-18
YL2R170,雲林北港到虎尾美食接力,雲林,景點加美食,北港福安鴨肉飯|北港圓仔湯|虎尾王家當歸鴨麵線|碳烤鴨蛋糕|兩丿爌肉飯|阿國獅魷魚羹,雲林美食密度超高，從北港鴨肉飯、圓仔湯，到虎尾王家當歸鴨麵線、碳烤鴨蛋糕，再到斗六兩丿爌肉飯，雲林必吃一次攻略,manual,2026-07-18
YL2R171,食尚玩家・雲林古坑秘境天空之城一日遊,雲林,食尚玩家,雲嶺之丘|杉木林步道|五元二角遊憩綠廊|木馬古道|嵩岳咖啡,攀上海拔1630公尺雲嶺之丘看雲海，走杉木林步道如魔戒場景，漫遊五元二角台版嵐山，最後喝世界冠軍嵩岳咖啡,manual,2026-07-18
YL2R172,食尚玩家・雲林虎尾太陽能農場自採火鍋行,雲林,食尚玩家,太陽能農場|歐風古董咖啡廳|芋見MOCHI|地瓜乳酪燒|米糕名店,虎尾全台第一座太陽能農場體驗自採自煮火鍋，逛歐風古董咖啡廳，吃LV級地瓜糕點和芋見MOCHI,manual,2026-07-18
YL2R173,食尚玩家・雲林北港朝天宮美食巡禮,雲林,食尚玩家,北港朝天宮|北港老街|阿嬤私房菜|啡你不可庭園咖啡廳|華山觀止虫二行館,全台最夯景點北港朝天宮拜拜，吃巨無霸菠蘿、咖啡桶仔雞，逛北港老街,manual,2026-07-18
CYR174,嘉義市一日遊1,嘉義,一般路線,森林之歌|阿里山森林鐵路車庫園區|檜意森活村|昭和十八J18|嘉義公園,市區文化,manual,2026-07-18
CYR175,嘉義市一日遊2,嘉義,一般路線,愛木村地方文化館|幸福山丘|新嘉大昆蟲館|蘭潭風景特定區,親子路線,manual,2026-07-18
CYR176,阿里山一日遊1,嘉義,一般路線,阿里山國家森林遊樂區|二萬坪風景區|迷糊步道,阿里山經典,manual,2026-07-18
CYR177,阿里山一日遊2,嘉義,一般路線,隙頂二延平步道|達娜伊谷自然生態公園|天長地久橋|逐鹿傳說梅花鹿園|旺萊山愛情大草原,鄒族文化,manual,2026-07-18
CYR178,奮起湖一日遊,嘉義,一般路線,阿將的家|優遊吧斯鄒族文化部落|石棹步道群|奮起湖老街,老街路線,manual,2026-07-18
CYR179,梅山一日遊,嘉義,一般路線,太平雲梯|太平老街|空氣圖書館|龍王金殿|太興岩步道|圓潭自然生態園區,梅山路線,manual,2026-07-18
CYR180,竹崎、番路、中埔一日遊,嘉義,一般路線,嘉義觀音瀑布|竹崎親水公園|仁義潭水庫|綠盈牧場,自然路線,manual,2026-07-18
CYR181,民雄、太保一日遊,嘉義,一般路線,旺萊山鳳梨文化園區|三隻小豬觀光農場|故宮南院,文化路線,manual,2026-07-18
CYR182,東石、布袋、六腳一日遊,嘉義,一般路線,蒜頭糖廠|白水湖壽島|東石漁人碼頭|高跟鞋教堂|布袋漁港,海線路線,manual,2026-07-18
CYR183,嘉義雨天故宮南院與老監獄探秘,嘉義,雨天路線,故宮南院|嘉義舊監獄|嘉義市立美術館|月桃故事館|優雅煎餅觀光工廠,雨天就逛嘉義室內景點，從故宮南院看國寶，到嘉義舊監獄體驗日治監獄，再到嘉義市立美術館看展覽，最後到月桃故事館做DIY,manual,2026-07-18
CYR184,嘉義樂齡檜意森活村散策,嘉義,樂齡路線,檜意森活村|嘉義公園|東石漁人碼頭|布袋漁港|蕭老師火雞肉飯,長輩嘉義輕鬆遊，從檜意森活村看日式木造建築，到嘉義公園散步，再到東石漁人碼頭看海，全程平地無爬坡,manual,2026-07-18
CYR185,嘉義火雞肉飯三碗不嫌多,嘉義,景點加美食,蕭老師火雞肉飯|阿霞(芳敏)火雞肉飯|林聰明砂鍋魚頭|嘉義美乃滋涼麵|民主火雞肉飯|五十嵐彩虹粉粿冰,嘉義是火雞肉飯的聖地，從蕭老師到阿霞再到民主，一次吃三家火雞肉飯比一比，中間穿插林聰明砂鍋魚頭和涼麵,manual,2026-07-18
CYR186,食尚玩家・嘉義東石布袋海線一日遊,嘉義,食尚玩家,白水湖蚵學家|東石50分Life工作室|鰲鼓濕地賞鳥公園|布袋漁港|好美里彩繪村,東石白水湖蚵學家體驗挖蚵採蚵，到50分Life工作室吃原民料理做一夜干，賞西岸最美賞鳥公園,manual,2026-07-18
CYR187,食尚玩家・嘉義阿里山下的城市美食一日遊,嘉義,食尚玩家,嘉義市區|林聰明沙鍋魚頭|森川丼丼|SAGAS雞湯拉麵|嘉義文化路夜市|阿里山森林鐵路,住阿里山下飯店，吃浮誇炸全雞、印度廚師道地咖哩，拍和服美照逛小京都，夜裡走浪漫吊橋,manual,2026-07-18
CYR188,食尚玩家・嘉義佐登妮絲城堡與故宮南院一日遊,嘉義,食尚玩家,佐登妮絲城堡|故宮南院|游芭絲鄒宴餐廳|清豐濤月景觀餐廳|竹居茶樓|空氣圖書館,逛台版凡爾賽宮佐登妮絲城堡，遊故宮南院看國寶，吃2026嘉義美食推薦景觀餐廳,manual,2026-07-18
TNR189,安平區一日遊,台南,一般路線,安平古堡|安平樹屋|安平老街|安平出張所|億載金城|德陽艦園區|大魚的祝福,安平經典路線，從荷蘭人1624年建的安平古堡出發，到安平樹屋看台版塔普倫寺共生奇景，逛300年安平老街吃牛肉湯蜜餞，再到億載金城看全台第一座西式砲台，傍晚到大魚的祝福看鯨魚裝置藝術點燈,manual,2026-07-18
TNR190,中西區古蹟一日遊,台南,一般路線,赤崁樓|吳園藝文中心|台南孔廟|鄭成功文物館|海安路藝術街|神農街,府城古蹟散步路線，從荷蘭人1653年建的普羅民遮城遺址赤崁樓出發，到全台首學孔廟，傍晚漫步清朝繁華商街神農街，看復古紅燈籠亮起感受府城浪漫,manual,2026-07-18
TNR191,中西區藝文一日遊,台南,一般路線,台南美術館二館|司法博物館|林百貨|台灣文學館|河樂廣場|藍晒圖文創園區,文青路線，從日本建築大師坂茂設計的南美二館出發，到南台灣第一間百貨公司林百貨坐復古電梯，到河樂廣場玩水賞夕陽，最後到藍晒圖文創園區看3D立體彩繪,manual,2026-07-18
TNR192,四草綠色隧道・漁光島一日遊,台南,一般路線,四草綠色隧道|台江國家公園遊客中心|台灣歷史博物館|鹿耳門聖母廟|漁光島,自然生態路線，搭船遊台版亞馬遜河四草綠色隧道看天使之吻，到台江國家公園看純白水上高腳屋吃虱目魚冰棒，傍晚到漁光島看金色沙灘日落,manual,2026-07-18
TNR193,奇美博物館・十鼓・花園夜市一日遊,台南,一般路線,奇美博物館|十鼓仁糖文創園區|花園夜市,親子路線，上午到純白宮殿式奇美博物館看萬件館藏，下午到十鼓仁糖文創園區體驗糖業文化，晚上到全台最知名花園夜市吃400家攤商美食,manual,2026-07-18
TNR194,七股・北門鹽田一日遊,台南,一般路線,七股鹽山|七股遊客中心|青山漁港|馬沙溝3D彩繪村|水晶教堂|井仔腳瓦盤鹽田,鹽田風光路線，從七層樓高的七股鹽山出發，到北門水晶教堂拍婚紗照，最後到現存最古老瓦盤鹽田井仔腳看夕陽,manual,2026-07-18
TNR195,關子嶺溫泉一日遊,台南,一般路線,關子嶺老街|天梯|水火同源|火山碧雲寺|白河萬里長城,關子嶺深度路線，逛溫泉老街，看台灣七大奇景水火同源，到火山碧雲寺俯瞰，再到白河萬里長城穿宮廷裝扮演皇上格格,manual,2026-07-18
TNR196,台南雨天美術館與文創園區漫遊,台南,雨天路線,奇美博物館|台南美術館|藍晒圖文創園區|十鼓仁糖文創園區|國立台灣歷史博物館,雨天逛台南室內文創空間，從奇美博物館看西洋藝術，到台南美術館看當代展覽，再到藍晒圖文創園區拍網美照，最後到十鼓仁糖文創園區看糖業歷史,manual,2026-07-18
TNR197,台南樂齡安平老街古蹟散步,台南,樂齡路線,安平古堡|安平老街|赤崁樓|台南孔廟|安平豆花|同記安平豆花,長輩台南經典路線，從安平古堡看荷蘭遺跡，到安平老街散步買蜜餞，再到赤崁樓看鄭成功歷史，全程平地石板路好走,manual,2026-07-18
TNR198,台南國華街到保安路吃到倒,台南,景點加美食,國華街美食群（富盛號碗粿、永樂燒肉飯等）|秀里蚵嗲|阿明豬心冬粉|保安路米糕|邱家小卷米粉|同記安平豆花,台南美食密度最高的兩條街，從國華街富盛號碗粿、永樂燒肉飯，到保安路阿明豬心冬粉、米糕，一路吃到底不重複,manual,2026-07-18
TNR199,食尚玩家・台南安平古蹟小吃一日遊,台南,食尚玩家,安平老街|安平古堡|安平樹屋|阿財牛肉湯|小卷米粉|安平天后宮|安平定情碼頭,安平小鎮是台南最強景點，逛安平老街吃阿財牛肉湯、小卷米粉，看安平古堡與樹屋,manual,2026-07-18
TNR200,食尚玩家・台南七股鹽山海鮮節一日遊,台南,食尚玩家,七股鹽山|七股潟湖遊船|烤鮮蚵吃到飽|挖文蛤體驗|七股七寶宴,七股海鮮節50元挖文蛤體驗，搭船遊潟湖免費吃烤鮮蚵，爬七股鹽山拍美照,manual,2026-07-18
TNR201,食尚玩家・台南小吃一日吃透透,台南,食尚玩家,台南煎餃店|綜合湯店|菠蘿油店|炒飯名店|蚵嗲店|台南市區,跟著風田朵拉巴鈺吃遍台南，煎餃、綜合湯、菠蘿油、炒飯、蚵嗲全攻略，從早吃到晚,manual,2026-07-18
TNR202,食尚玩家・台南楠西柳營二日遊精華路線,台南,食尚玩家,楠西萬佛寺|趣淘漫旅台南|曾文水庫|柳營景點|八老爺牧場,楠西萬佛寺拍台版吳哥窟，入住趣淘漫旅台南，遊曾文水庫，到柳燶吃美食,manual,2026-07-18
KHR203,左營、橋頭糖廠、瑞豐夜市一日遊,高雄,一般路線,蓮池潭(龍虎塔/春秋御閣/玄天上帝像/左營孔廟)|果貿社區|橋頭糖廠|瑞豐夜市,左營經典,manual,2026-07-18
KHR204,旗津、西子灣一日遊,高雄,一般路線,旗津渡輪|高雄燈塔|星空隧道|彩虹教堂|風車公園|旗津老街|打狗英國領事館|西子灣夕陽|壽山情人觀景台,海港路線,manual,2026-07-18
KHR205,駁二、夢時代、愛河一日遊,高雄,一般路線,大港橋|駁二藝術特區|棧貳庫|新光碼頭|夢時代|愛河風景區|六合夜市,文創路線,manual,2026-07-18
KHR206,美麗島、草衙道、紅毛港一日遊,高雄,一般路線,光之穹頂|中央公園|大魯閣草衙道|鈴鹿賽道樂園|紅毛港文化園區,市區路線,manual,2026-07-18
KHR207,鳳山一日遊,高雄,一般路線,衛武營國家藝術文化中心|衛武迷迷村|鳳儀書院|大東濕地公園|大東文化藝術中心,文化路線,manual,2026-07-18
KHR208,岡山、茄萣一日遊,高雄,一般路線,崗山之眼|岡山公園|航空教育展示館|富樂夢橡皮擦工廠|興達港觀光漁市,岡山路線,manual,2026-07-18
KHR209,田寮、燕巢一日遊,高雄,一般路線,田寮月世界|石頭廟|阿公店水庫|烏山頂泥火山|裕賀牛觀光工廠,月世界路線,manual,2026-07-18
KHR210,大樹、烏松一日遊,高雄,一般路線,佛光山|華一農場|高屏舊鐵橋|澄清湖|烏松濕地公園,佛光山路線,manual,2026-07-18
KHR211,旗山、美濃、六龜一日遊,高雄,一般路線,旗山老街|糖鐵故事館|美濃民俗村|美濃客家文物館|六龜大佛|寶來花賞溫泉公園,客家路線,manual,2026-07-18
KHR212,茂林一日遊,高雄,一般路線,新威森林公園|情人谷瀑布|多納高吊橋|小長城步道|多納村,原鄉路線,manual,2026-07-18
KHR213,高雄雨天科工館到駁二文青之旅,高雄,雨天路線,國立科學工藝博物館|高雄市立美術館|駁二藝術特區|棧貳庫KW2|高雄市立圖書館總館,雨天就逛高雄室內景點，從科學工藝博物館看科技展，到高雄市立美術館看展覽，再到駁二藝術特區逛文創，最後到棧貳庫看港景喝咖啡,manual,2026-07-18
KHR214,高雄樂齡旗津渡輪與老街散步,高雄,樂齡路線,旗津渡輪|旗津老街|蓮池潭(龍虎塔/春秋御閣/玄天上帝像/左營孔廟)|愛河風景區|旗津番薯椪,長輩高雄輕鬆遊，從旗津搭渡輪看港景，到旗津老街吃海鮮，再到蓮池潭看龍虎塔，全程平地好走，微風吹得好舒服,manual,2026-07-18
KHR215,高雄鹽埕到旗津海鮮美食衝刺,高雄,景點加美食,鹽埕埔鴨肉飯|鹽埕鄭家切仔麵|旗津老街|旗津番薯椪|六合夜市木瓜牛乳|丹丹漢堡,高雄美食從鹽埕出發，吃鴨肉飯、切仔麵，再搭渡輪到旗津吃海鮮、番薯椪，最後到六合夜市喝木瓜牛乳收尾,manual,2026-07-18
KHR216,食尚玩家・高雄旗津渡輪一日遊,高雄,食尚玩家,鼓山渡輪站|棧貳庫|旗津渡輪站|旗津老街|旗津天后宮|高雄燈塔|旗津星空隧道|旗津海水浴場|旗津彩虹教堂,搭渡輪從鼓山到旗津，逛旗津老街吃海產，登高雄燈塔看港灣夜景，走星空隧道拍沉浸式投影,manual,2026-07-18
KHR217,食尚玩家・高雄輕軌一日遊文青路線,高雄,食尚玩家,愛河之心|名廚簡天才餐廳|哈瑪星鐵道文化園區|日治老宅咖啡廳|駁二藝術特區,搭輕軌從籬仔內到哈瑪星，騎鐵道單車，逛日治老宅咖啡廳，吃名廚歐陸廚房,manual,2026-07-18
KHR218,食尚玩家・高雄橋頭糖廠與老街一日遊,高雄,食尚玩家,台糖高雄花卉農園中心|橋頭糖廠|橋仔頭社遺址|橋頭老街|糖廠冰店,搭高捷到橋頭糖廠站，逛百年橋頭糖廠、台糖花卉農園中心，走橋頭老街吃美食,manual,2026-07-18
KHR219,食尚玩家・高雄十大必去景點一日遊,高雄,食尚玩家,愛河|駁二藝術特區|衛武營國家藝術文化中心|蓮池潭|壽山動物園|旗山老街,從愛河出發，遊駁二藝術特區、衛武營、蓮池潭、壽山動物園、旗山老街，一次網羅高雄必去,manual,2026-07-18
PTR220,屏東市區文化一日遊,屏東,一般路線,慈鳳宮（阿猴媽祖廟）|勝利星村創意生活園區|屏東書院|宗聖公祠|屏東縣民公園|屏東糖廠文化園區|屏東觀光夜市,屏東市區精華路線，從火車站旁慈鳳宮出發，逛全台最大日式軍官宿舍群勝利星村，看國家古蹟宗聖公祠，到舊紙漿廠改造的縣民公園拍工業風美照，吃台糖冰品，晚上到民族路夜市大吃,manual,2026-07-18
PTR221,墾丁恆春半島一日遊,屏東,一般路線,墾丁國家森林遊樂區|鵝鑾鼻公園|鵝鑾鼻燈塔|龍坑生態保護區|貝殼砂島|關山日落,國境之南經典路線，到台灣最南端鵝鑾鼻燈塔朝聖，看珊瑚礁地質景觀，到墾丁森林遊樂區穿梭百年巨木與鐘乳石洞，傍晚到關山看台灣最美日落,manual,2026-07-18
PTR222,萬巒可可與豬腳一日遊,屏東,一般路線,萬巒豬腳街|可可園區|萬金聖母聖殿|萬巒老街|屏東可可節會場,萬巒深度路線，吃必吃萬巒豬腳，參觀Tree To Bar可可製程，到百年萬金聖母聖殿拍照，逛萬巒老街品嚐可可巧克力產品,manual,2026-07-18
PTR223,東港海鮮與小琉球一日遊,屏東,一般路線,東隆宮|東港漁港|小琉球|花瓶岩|美人洞|白沙尾,東港搭船20分鐘到小琉球，騎機車環島看花瓶岩、美人洞，回東港逛東隆宮吃黑鮪魚海鮮市場,manual,2026-07-18
PTR224,海生館與車城四重溪一日遊,屏東,一般路線,國立海洋生物博物館|車城福安宮|四重溪溫泉|車城老街,親子路線，上午到全台最大海生館看海洋生態，下午到車城福安宮拜拜，再到四重溪泡溫泉,manual,2026-07-18
PTR225,枋寮藍皮解憂號一日遊,屏東,一般路線,枋寮車站|藍皮解憂號觀光列車|枋寮漁港|龍膽石斑養殖場,搭藍皮解憂號復古列車，體驗南迴線最美海景，到枋寮漁港吃新鮮海產，體驗餵食龍膽石斑,manual,2026-07-18
PTR226,屏東雨天海生館與勝利星村文創遊,屏東,雨天路線,國立海洋生物博物館|屏東勝利星村|屏東美術館|職人町|屏東菸葉廠,雨天就泡在海生館看企鵝和白鯨，再到勝利星村創意生活園區逛文創小店，最後到屏東美術館看展覽，全程室內不怕淋雨,manual,2026-07-18
PTR227,屏東樂齡萬巒豬腳街與東港漁港,屏東,樂齡路線,萬巒豬腳街|萬金聖母聖殿|東隆宮|東港漁港|萬巒豬腳,長輩屏東輕鬆遊，從萬巒豬腳街吃午餐，到萬金聖母聖殿看古蹟，再到東港漁港散步看船進出，全程平地好走,manual,2026-07-18
PTR228,屏東夜市到墾丁大街美食縱貫線,屏東,景點加美食,民族夜市𩵚魠魚焿|大埔松仔腳肉燥粿|上讚粉腸（屏東夜市）|潮州燒冷冰|墾丁大街美食|萬巒豬腳,屏東美食從屏東觀光夜市出發，吃松仔腳肉燥粿、上讚粉腸，再到墾丁大街吃海鮮，最後來碗潮州燒冷冰,manual,2026-07-18
PTR229,食尚玩家・屏東恆春古城美食一日遊,屏東,食尚玩家,恆春古城|恆春烤雞名店|恆春老街|白灣咖啡廳|阿漢私廚|一碗豆腐,跟著納豆子余舒涵吃恆春美食，吃沒預訂吃不到的噴香烤雞，逛恆春古城門,manual,2026-07-18
PTR230,食尚玩家・屏東萬里桐秘境海景咖啡行,屏東,食尚玩家,萬里桐|Oct.Sun Coffee|海鷗小吃部|萬里桐阿嬤麵店|海龜咖啡,萬里桐Tiffany藍海景打卡，喝海景咖啡廳Oct.Sun Coffee，吃阿嬤麵店與海龜咖啡,manual,2026-07-18
PTR231,食尚玩家・屏東海生館與鐵道小旅行,屏東,食尚玩家,屏東海生館|驛前大和咖啡館|屏東西市場|阿漢私廚|一碗豆腐|超人氣糯米腸,屏東海生館看企鵝鯊魚，搭火車遊屏東6站，喝驛前大和咖啡館80年日洋建築，吃超人氣秒殺糯米腸,manual,2026-07-18
HLR232,太魯閣峽谷經典一日遊,花蓮,一般路線,花蓮市區|七星潭|清水斷崖|太魯閣國家公園|長春祠|燕子口|九曲洞|山月吊橋,花蓮最經典路線，壯麗的大理石峽谷、立霧溪切割出的峭壁地形，是初訪花蓮必走行程。太魯閣因0403地震部分步道重建中，出發前請查官網開放狀況。,manual,2026-07-18
HLR233,花東縱谷田園一日遊,花蓮,一般路線,花蓮市區|鯉魚潭|立川漁場|光復糖廠|馬太鞍濕地|瑞穗牧場|北回歸線標誌公園,縱谷線經典路線，山湖湖泊、牧場、糖廠冰淇淋，適合親子與喜愛田園風光的旅客。兩人即可成行的深度縱谷自然景觀路線。,manual,2026-07-18
HLR234,花蓮海線秘境一日遊,花蓮,一般路線,花蓮市區|牛山呼庭|March洞|大石鼻山|石梯坪|親不知子海岸|新社梯田,沿台11線海岸線南下，探訪海蝕洞地形、世界級地質教室石梯坪、天空步道親不知子，碧海藍天的海岸秘境一路相連。,manual,2026-07-18
HLR235,花蓮市區文化散策一日遊,花蓮,一般路線,松園別館|花蓮文化創意產業園區|貨櫃星巴克|吉安慶修院|東大門夜市,市區輕鬆行，日式建築、文創園區、IG打卡貨櫃星巴克，晚上到東大門夜市吃遍400家攤位，適合不開車的旅客。,manual,2026-07-18
HLR236,金針花海季節限定一日遊（8-9月）,花蓮,一般路線,花蓮市區|瑞穗牧場|赤柯山金針花海|六十石山金針花海|鶴岡文旦,8-9月限定路線，有小瑞士之稱的六十石山與赤柯山金針花海滿開，搭配瑞穗牧場鮮奶與鶴岡文旦，是花蓮最夢幻的季節限定美景。,manual,2026-07-18
HLR237,花蓮親子樂園農場一日遊,花蓮,一般路線,花蓮市區|遠雄海洋公園|雲山水夢幻湖|理想大地渡假飯店|立川漁場,全台唯一國際級海洋主題樂園，海豚秀、海獅秀加上摸蜆體驗，適合親子家庭。雲山水夢幻湖清澈湖面倒映中央山脈，12月落羽松轉紅最美。,manual,2026-07-18
HLR238,花蓮雨天文創園區與石雕博物館,花蓮,雨天路線,花蓮文化創意產業園區|松園別館|花蓮縣石雕博物館|Dashi星巴克貨櫃門市,雨天就逛花蓮室內文創空間，從花蓮文化創意產業園區看展覽，到松園別館看日式建築，再到石雕博物館欣賞石雕藝術，最後到貨櫃星巴克喝咖啡,manual,2026-07-18
HLR239,花蓮樂齡鯉魚潭與東大門夜市,花蓮,樂齡路線,鯉魚潭|立川漁場|花蓮市區|東大門夜市|液香扁食店,長輩花蓮輕鬆遊，從鯉魚潭環湖散步，到立川漁場摸蜆仔，再到東大門夜市吃美食，全程平地無爬坡,manual,2026-07-18
HLR240,花蓮東大門夜市與炸蛋蔥油餅攻略,花蓮,景點加美食,炸彈蔥油餅|液香扁食店|鵝肉先生|東大門夜市美食|佳興冰果室|源寶屋咖哩麵包,花蓮美食從炸彈蔥油餅起手，到液香扁食、鵝肉先生，再到東大門夜市吃透透，最後來碗佳興冰果室冰品收尾,manual,2026-07-18
HLR241,食尚玩家・花蓮將軍府日式景點一日遊,花蓮,食尚玩家,花蓮將軍府1936|東大門國際觀光夜市|將軍府美食街|花蓮文創園區,花蓮最新日式景點將軍府1936，推薦9大美食與必買伴手禮，感受花蓮最強景點魅力,manual,2026-07-18
HLR242,食尚玩家・花蓮壽豐理想大地一日遊,花蓮,食尚玩家,HANG OUT漢堡店|小和好點肉桂捲|立川漁場|花蓮縣考古博物館|星巴克理想門市|花蓮理想大地渡假飯店,壽豐吃漢堡餐車HANG OUT、小和好點肉桂捲，摸蛤仔兼洗褲立川漁場，逛星巴克理想門市歐風童話小木屋,manual,2026-07-18
HLR243,食尚玩家・花蓮吉安鄉日式寺院自行車道行,花蓮,食尚玩家,七腳川溪自行車道|西村の家食堂|吉安慶修院|山海正甜吉製冰所|統茂渡假莊園,吉安騎七腳川溪自行車道賞鄉村風光，吃西村の家食堂日式老宅台式美食，逛百年吉安慶修院,manual,2026-07-18
TTR244,台東縱谷線一日遊,台東,一般路線,台東市區|初鹿牧場|鹿野高台|關山親水公園|池上伯朗大道|天堂路,縱谷線經典路線，初鹿牧場喝鮮奶、鹿野高台看熱氣球（夏季）、關山騎腳踏車、池上伯朗大道騎單車看稻田，是台東最有人氣的縱谷行程。,manual,2026-07-18
TTR245,台東海岸線一日遊,台東,一般路線,台東市區|小野柳|加路蘭遊憩區|金樽遊憩區|東河包子|三仙台|石雨傘,沿台11線海岸線北上，小野柳奇岩怪石、金樽海景、三仙台跨海拱橋，是台東最美海岸線路線。東河包子是必吃中繼站。,manual,2026-07-18
TTR246,知本溫泉森林一日遊,台東,一般路線,台東市區|知本國家森林遊樂區|知本溫泉|鐵花村音樂聚落|台東觀光夜市,知本是台灣四大溫泉之一，碳酸泉質清澈富含礦物質。上午森林浴、下午泡湯，晚上到鐵花村聽音樂、逛觀光夜市吃小吃。,manual,2026-07-18
TTR247,太麻里金針花南迴一日遊,台東,一般路線,台東市區|多良車站|灌籃高手平交道|太麻里金針花季|知本國家森林遊樂區,多良車站被譽為台灣最美車站，灌籃高手平交道拍照打卡，太麻里金針花季（8-9月）滿山金黃，下午順遊知本森林遊樂區。,manual,2026-07-18
TTR248,台東市區慢活一日遊,台東,一般路線,臺東森林公園|琵琶湖|海濱公園|鐵花村|正氣路觀光夜市,森林公園琵琶湖騎腳踏車、海濱公園看太平洋，下午鐵花村音樂聚落，晚上正氣路夜市吃林家臭豆腐、卑南包子、老東台米苔目。,manual,2026-07-18
TTR249,阿朗壹古道南迴一日遊,台東,一般路線,台東市區|阿朗壹古道|金崙咖啡|南迴海岸線裝置藝術,台東最南端古道海景，是台灣唯一天然海岸古道，需提前申請。搭配金崙黑手咖啡與南迴沿線裝置藝術，慢遊南迴最美海岸線。,manual,2026-07-18
TTR250,台東雨天史前博物館與鐵花村聽音樂,台東,雨天路線,國立台灣史前文化博物館|台東故事館|鐵花村音樂聚落|卡塔文化工作室|台東美術館,雨天就逛台東室內景點，從史前文化博物館看台灣史前文明，到台東故事館看書喝咖啡，再到鐵花村聽現場音樂，最後到卡塔文化工作室看原住民工藝,manual,2026-07-18
TTR251,台東樂齡池上伯朗大道單車遊,台東,樂齡路線,池上伯朗大道|關山親水公園|臺東森林公園|海濱公園|東河包子,長輩台東輕鬆遊，從池上伯朗大道騎單車看稻田，到關山親水公園散步，再到台東海濱公園看海，全程平地無爬坡,manual,2026-07-18
TTR252,台東榕樹下到東河包子美食之旅,台東,景點加美食,榕樹下米苔目|東河包子|陳記蔥油餅臭豆腐|正氣路觀光夜市|寶桑豆花|楊記搖搖地瓜酥,台東美食從榕樹下米苔目起手，到東河包子、陳記蔥油餅臭豆腐，再到正氣路觀光夜市吃透透，最後來碗寶桑豆花,manual,2026-07-18
TTR253,食尚玩家・台東東河天空之鏡一日遊,台東,食尚玩家,金樽遊憩區|金樽漁港貓洞|泰源幽谷|都歷海灘天空之鏡|熊都蘭文創園區|新東糖廠文化園區|東河包子|東河豆花,東河金樽遊憩區看海景，找退潮貓洞，到都歷海灘拍天空之鏡，吃東河包子與東河豆花,manual,2026-07-18
TTR254,食尚玩家・台東鹿野熱氣球與大骨麵一日遊,台東,食尚玩家,鹿野高台|巨無霸大骨麵|春一枝無人商店|聖安宮水籤詩|鹿野景點,鹿野高台搭熱氣球看光雕，吃巨無霸大骨麵、春一枝無人商店，到聖安宮求神奇水籤詩,manual,2026-07-18
TTR255,食尚玩家・台東炸寒單海景美食一日遊,台東,食尚玩家,台東海濱公園|台東森林公園|鯉魚山公園|鐵花商圈|TTstyle原創館|寶町藝文中心|榕樹下米苔目|林家臭豆腐|寶桑湯圓,台東炸寒單周邊必去海濱公園、黑森林騎車，逛鐵花商圈文創夜市，吃榕樹下米苔目、林家臭豆腐,manual,2026-07-18
PHR256,馬公市區、海洋牧場、花火節,澎湖,一般路線,抵達澎湖/租機車|中央老街|篤行十村|海洋牧場|澎湖花火節,Day1 市區,manual,2026-07-18
PHR257,澎湖南環一日遊,澎湖,一般路線,風櫃洞|蛇頭山|山水沙灘|隘門沙灘|奎壁山摩西分海|南寮古厝|夜釣小管,Day2 南環,manual,2026-07-18
PHR258,澎湖北環一日遊1,澎湖,一般路線,後寮天堂路|池東大菓葉玄武岩|三石壁|二崁聚落|池西岩瀑|小池角雙曲橋|漁翁島燈塔|三仙塔/外垵漁港|西嶼西臺,Day3 北環,manual,2026-07-18
PHR259,澎湖北環一日遊2,澎湖,一般路線,吉貝島|澎湖水族館|通樑古榕|跨海大橋|鯨魚洞/小門地質館|大義宮,Day4 北環,manual,2026-07-18
PHR260,七美、望安跳島一日遊,澎湖,一般路線,雙心石滬|小台灣|大獅風景區|七美人塚|網垵口沙灘|花宅聚落|天台山|買伴手禮/返台,Day5 跳島,manual,2026-07-18
PHR261,澎湖雨天水族館與生活博物館,澎湖,雨天路線,澎湖水族館|澎湖生活博物館|篤行十村文創園區|澎湖開拓館|海洋資源館,雨天就泡在澎湖水族館看海龜，到澎湖生活博物館看澎湖歷史，再到篤行十村文創園區逛文創，最後到澎湖開拓館看開墾故事,manual,2026-07-18
PHR262,澎湖樂齡中央老街與通樑古榕,澎湖,樂齡路線,中央老街|通樑古榕|跨海大橋|漁翁島燈塔|小萍的店小管麵線,長輩澎湖輕鬆遊，從中央老街散步看老建築，到通樑古榕看百年老樹，再到跨海大橋拍照，全程平地海風吹得好舒服,manual,2026-07-18
PHR263,澎湖小管麵線與海鮮大作戰,澎湖,景點加美食,小萍的店小管麵線|洪家炸粿|大漢花枝丸|清峰海鮮紫菜冬粉|北新橋牛雜湯|外婆麵猴,澎湖美食以海鮮為主，從小萍的店小管麵線起手，到洪家炸粿、大漢花枝丸，再到清峰海鮮紫菜冬粉，最後來碗北新橋牛雜湯,manual,2026-07-18
PHR264,食尚玩家・澎湖花火節北環一日遊,澎湖,食尚玩家,澎湖花火節會場|北環景點路線|藍屋海哥仙人掌冰|花枝丸三兄弟|阿虹的店|池西碼頭特色小吃,澎湖花火節白天走北環景點路線，晚上卡位看煙火，吃仙人掌冰、小管麵線,manual,2026-07-18
PHR265,食尚玩家・澎湖12小時快閃美食行,澎湖,食尚玩家,金瓜麵猴|虎井嶼鮮魚湯|阿家生蠔|馬公市區|澎湖港邊海產,跟著瘋狂總部12小時吃遍澎湖，金瓜麵猴、虎井嶼鮮魚湯、阿家生蠔，看夕陽配海鮮,manual,2026-07-18
PHR266,食尚玩家・澎湖跳島七美雙心石滬行,澎湖,食尚玩家,七美雙心石滬|南方四島|藍洞秘境|夜釣小管體驗|海洋牧場烤鮮蚵,跳島遊七美雙心石滬、南方四島藍洞秘境，夜釣小管，海洋牧場烤鮮蚵,manual,2026-07-18
JMR267,金城歷史戰地一日遊,金馬,一般路線,莒光樓|珠山聚落|翟山坑道|水頭聚落|八二三戰史館|古寧頭戰史館,金門最經典的戰地歷史路線，從金門地標莒光樓出發，穿越閩南古村珠山聚落，走進八二三砲戰與古寧頭戰役的歷史現場，感受兩岸最激烈的歷史衝突遺跡。,manual,2026-07-18
JMR268,金東秘境探索一日遊,金馬,一般路線,金門市區|天摩山步道|船型堡|陳景蘭洋樓|山后民俗村|馬山觀測所,金東半島深度路線，探訪秘境天摩山步道、戰地遺跡船型堡、精美洋樓陳景蘭洋樓與山后民俗村閩南建築群，最遠到馬山觀測所看對岸。,manual,2026-07-18
JMR269,烈嶼小金門一日遊,金馬,一般路線,金門市區|金門大橋|九宮坑道|沙溪堡|湖井頭戰史館|西方村|湖下彩繪村,經金門大橋前往小金門烈嶼，深入戰地遺跡九宮坑道、沙溪堡，漫步古樸西方村落欣賞百年風獅爺，品嚐在地美食，感受小金門的文化底蘊。,manual,2026-07-18
JMR270,太武山生態文化一日遊,金馬,一般路線,金門市區|瓊林風獅爺|瓊林坑道|太武山|海印寺|建功嶼,從最具代表性的瓊林風獅爺出發，走進450公尺的瓊林坑道消暑，登太武山看「毋忘在莒」石刻，再到摩西分海建功嶼看潮間帶生態。,manual,2026-07-18
JMR271,大膽島烈嶼雙重奇遇一日遊,金馬,一般路線,金門市區|藍色公路巡航|大膽島|烈嶼漫步,登陸大膽島感受戰地歷史滄桑，巡航藍色公路感受兩岸咫尺之遙的特殊氛圍，漫步烈嶼小金門，享用金門特色小吃。需提前申請，限量開放。,manual,2026-07-18
JMR272,鱟生態與海岸落日一日遊,金馬,一般路線,金門市區|金門水產試驗所|建功嶼|金門大橋|慈湖落日,認識活化石「鱟」的生態之旅，退潮時走建功嶼摩西分海，黃昏到慈湖看落日，是金門最chill的自然文化路線。,manual,2026-07-18
JMR273,南竿戰地文化一日遊,金馬,一般路線,福澳港|馬祖酒廠|八八坑道|馬祖故事館|北海坑道（搖櫓）|鐵堡|津沙聚落|福山公園（枕戈待旦）,南竿戰地文化精華路線，從福山公園「枕戈待旦」地標出發，參觀八八坑道窖藏美酒、北海坑道夜間搖櫓看藍眼淚（4-9月），鐵堡看海景，津沙聚落拍石頭屋。,manual,2026-07-18
JMR274,北竿芹壁聚落一日遊,金馬,一般路線,南竿|南北之星快船|北竿|芹壁聚落|坂里沙灘|塘后道沙灘|北海坑道|壁山觀景,北竿最精華路線，芹壁聚落是馬祖唯一保存完整的石頭屋聚落，被譽為「台灣地中海」，坂里沙灘看藍眼淚，北海坑道2025年4月重新開放。從南竿搭15分鐘船到北竿。,manual,2026-07-18
JMR275,東引國境之北一日遊,金馬,一般路線,南竿|新臺馬輪|東引|中柱港|中柱島|國之北疆|安東坑道|烈女義坑|東引燈塔,台灣國境最北路線，搭新臺馬輪前往東引，國之北疆石碑打卡、安東坑道35度斜坡挑戰、烈女義坑看海蝕地形、東引燈塔百年歐式建築。東引風景最美但最遠。,manual,2026-07-18
JMR276,莒光藍眼淚生態一日遊,金馬,一般路線,南竿|東莒|東莒燈塔|福正聚落|大埔石刻|西莒|坤坵沙灘,莒光兩島路線，東莒百年燈塔與福正聚落石頭屋，西莒坤坵沙灘是藍眼淚熱點。莒光較少遊客，適合深度旅行者。需從南竿搭船前往。,manual,2026-07-18
JMR277,南竿深度文化美食一日遊,金馬,一般路線,介壽獅子市場|阿妹的店鼎邊糊|勝利堡|831軍中茶室|刺鳥咖啡書店|神農居海鮮鍋,從介壽獅子市場二樓的南竿美食巡禮開始，阿妹的店鼎邊糊搭配繼光餅漢堡，參觀勝利堡戰地博物館與831軍中茶室歷史，下午到刺鳥咖啡書店（12據點迷彩外觀的獨立書店）喝咖啡。,manual,2026-07-18
JMR278,金馬雨天戰地坑道與博物館探秘,金馬,雨天路線,翟山坑道|八八坑道|金門歷史民俗博物館|金門陶瓷博物館|金酒公司金寧廠觀光工廠|馬祖民俗文物館,雨天最適合探險地下坑道，從翟山坑道看戰地工事，到八八坑道聞酒香，再到金門歷史民俗博物館看金門故事，最後到金門陶瓷博物館看瓷器,manual,2026-07-18
JMR279,金馬樂齡聚落散步與老街漫遊,金馬,樂齡路線,珠山聚落|水頭聚落|山后民俗村|莒光樓|芹壁聚落,長輩金馬輕鬆遊，從珠山聚落看閩南古厝，到水頭聚落散步拍照，再到山后民俗村看傳統建築，全程平地石板路好走,manual,2026-07-18
JMR280,金門牛肉麵到閩式燒餅美食地圖,金馬,景點加美食,良金牧場牛肉麵|金門蚵仔煎|閩式燒餅|繼光餅|鼎邊糊|金門貢糖,金門美食融合閩南與戰地風味，從良金牧場牛肉麵起手，到金門蚵仔煎、閩式燒餅，再到繼光餅、鼎邊糊，最後配金門貢糖當伴手禮,manual,2026-07-18
JMR281,食尚玩家・金門夏日水彈槍與貢糖行,金馬,食尚玩家,金門水彈槍體驗場|貢糖創始店|金湖飯店|莒光樓|建功嶼,金門玩水彈射擊戰，逛第1間貢糖創始店，住金湖飯店，體驗戰地最前線,manual,2026-07-18
JMR282,食尚玩家・金門美食芋頭米粉與冰菓室行,金馬,食尚玩家,金門芋頭米粉店|嘉年華冰菓室|金門老街|模範街|金門貢糖店,跟著林莎卞慶華吃金門美食，吃芋頭米粉推成山、嘉年華冰菓室，逛金門老街,manual,2026-07-18
JMR283,食尚玩家・馬祖三島二日精華行,金馬,食尚玩家,南竿蒙古包民宿|北竿芹壁村|大坵島梅花鹿|藍眼淚追蹤點|馬祖酒廠|八八坑道,南竿住蒙古包，北竿逛芹壁村閩東建築，搭船到大坵島跟200隻梅花鹿互動，追藍眼淚,manual,2026-07-18