id,name,county,district,address,lat,lng,category,tags,rating,description,source,updated_at
KLS001,正濱漁港彩虹屋,基隆,和平島・正濱漁港・廟口,,25.1524181,121.7691051,,,4.3,基隆版威尼斯彩色島，彩虹屋打卡熱點,manual,2026-07-18
KLS002,阿根納造船廠遺址,基隆,和平島・正濱漁港・廟口,,25.1538926,121.7695873,,,4,廢墟風造船廠遺址，電影取景秘境,manual,2026-07-18
KLS003,和平島公園,基隆,和平島・正濱漁港・廟口,,25.1526977924842,121.76620444252,,,4.4,海蝕地形加人造泳池，基隆最美海岸線,manual,2026-07-18
KLS004,中正公園,基隆,和平島・正濱漁港・廟口,,25.1526977924842,121.76620444252,,,4.1,俯瞰基隆港全景，公園步道休閒好去處,manual,2026-07-18
KLS005,基隆廟口夜市,基隆,和平島・正濱漁港・廟口,,25.1526977924842,121.76620444252,,,4.2,基隆最知名夜市，百年美食聚集地,manual,2026-07-18
KLS006,國立海洋科技博物館,基隆,八斗子潮境・海科館,,25.1400236,121.7985672,,,4.2,全台最大海洋科技主題博物館，親子首選,manual,2026-07-18
KLS007,深澳鐵道自行車,基隆,八斗子潮境・海科館,,25.14016,121.79949,,,4.5,廢棄鐵道變身自行車，海景一路騎,manual,2026-07-18
KLS008,八斗子觀光漁港,基隆,八斗子潮境・海科館,,25.1454172,121.7863414,,,3.6,漁港觀光吃海鮮，潮境公園順遊,manual,2026-07-18
KLS009,潮境公園,基隆,八斗子潮境・海科館,,25.1434517,121.8034149,,,4.4,飛天掃把裝置藝術，無敵海景打卡點,manual,2026-07-18
KLS010,忘憂谷（望幽谷）,基隆,八斗子潮境・海科館,,25.1458024,121.7983034,,,4.5,翠綠山谷配藍海，V型谷地超療癒,manual,2026-07-18
KLS011,大武崙砲台,基隆,外木山・佛手洞・情人湖,,25.1587828,121.7083931,,,4.3,國定古蹟，基隆西岸歷史軍事遺跡,manual,2026-07-18
KLS012,情人湖,基隆,外木山・佛手洞・情人湖,,25.1638487,121.720363,,,4.5,基隆唯一湖泊，環湖步道幽靜浪漫,manual,2026-07-18
KLS013,外木山濱海風景區,基隆,外木山・佛手洞・情人湖,,25.1632283,121.726385,,,4.4,基隆最美海岸公路，騎車散步皆宜,manual,2026-07-18
KLS014,海興游泳池,基隆,外木山・佛手洞・情人湖,,25.154328,121.735171,,,4.2,免費天然海水泳池，浮潛勝地,manual,2026-07-18
KLS015,仙洞巖,基隆,外木山・佛手洞・情人湖,,25.154328,121.735171,,,4.3,全台最大海蝕洞，佛雕石刻奇觀,manual,2026-07-18
KLS016,佛手洞,基隆,外木山・佛手洞・情人湖,,25.1451926,121.7483365,,,4.3,海蝕洞內佛手印，探險秘境,manual,2026-07-18
KLS017,白米甕砲台,基隆,外木山・佛手洞・情人湖,,25.1555975,121.7433908,,,4.3,基隆西岸砲台古蹟，射擊視野絕佳,manual,2026-07-18
KLS018,基隆港,基隆,基隆嶼登島,,25.13888064219042,121.7508906505276,,,4.3,國際郵輪港都，看大船入港勝地,manual,2026-07-18
KLS019,基隆嶼,基隆,基隆嶼登島,,25.1453751,121.7866158,,,4.6,火山島嶼登島，夏季限定海上秘境,manual,2026-07-18
KLS020,基隆嶼燈塔,基隆,基隆嶼登島,,25.192753,121.7872123,,,4.6,基隆嶼燈塔，環島步道海景絕美,manual,2026-07-18
KLS021,基隆車站,基隆,基隆市區文化,,25.1330603,121.739254,,,4.1,基隆門戶，北站南站新地標,manual,2026-07-18
KLS022,太平青鳥書局,基隆,基隆市區文化,,25.1344094,121.7371344,,,4.7,基隆最美書店，港口景觀配咖啡,manual,2026-07-18
KLS023,海洋廣場,基隆,基隆市區文化,,25.1309627,121.7413639,,,4.3,港邊廣場看郵輪，市民休閒空間,manual,2026-07-18
KLS024,二沙灣砲台（海門天險）,基隆,基隆市區文化,,25.1389415,121.7564572,,,,國定古蹟，俯瞰基隆港的歷史砲台,manual,2026-07-18
KLS025,球子山燈塔,基隆,基隆市區文化,,25.146222,121.743861,,,4.4,基隆私房景點，燈塔配無敵海景,manual,2026-07-18
KLS026,正濱漁港彩色屋,基隆,其他,,25.1524181,121.7691051,,,4.3,基隆正濱漁港的彩色房屋群，原為老舊漁港倉庫，經彩繪改造後成為繽紛的打卡景點，可搭乘彩色小船遊港，感受漁村文創魅力。,manual,2026-07-18
KLS027,仁愛市場,基隆,仁愛,,25.128054,121.741071,,,4.1,人氣麵食餐廳，提供多樣化的麵食選擇,manual,2026-07-18
TPS028,國父紀念館,台北,台北最經典101,,25.0329694,121.5654177,,,4.5,紀念國父孫中山，台北文青展演空間,manual,2026-07-18
TPS029,四四南村,台北,台北最經典101,,25.0315454,121.5618806,,,4.4,台灣第一眷村，簡單市集與古蹟,manual,2026-07-18
TPS030,吉米月亮公車,台北,台北最經典101,,25.0327587,121.5657351,,,4.3,幾米裝置藝術，月亮公車打卡熱點,manual,2026-07-18
TPS031,台北101觀景台/象山夜景,台北,台北最經典101,,25.0336752,121.5648831,,,4.5,台北地標觀景台，俯瞰台北全景,manual,2026-07-18
TPS032,總統府,台北,總統府＆華山文創,,25.0399991,121.5119507,,,4.4,台灣最高權力中心，巴洛克建築地標,manual,2026-07-18
TPS033,華山文創園區,台北,總統府＆華山文創,,25.0450426,121.5278941,,,4.5,酒廠改建文創園區，展演市集齊聚,manual,2026-07-18
TPS034,台灣博物館,台北,總統府＆華山文創,,25.0440698,121.5293583,,,4.5,台灣最古老博物館，自然史常設展,manual,2026-07-18
TPS035,228公園,台北,總統府＆華山文創,,25.0440698,121.5293583,,,4.2,台北市中心公園，歷史紀念與休憩,manual,2026-07-18
TPS036,松山文創園區,台北,松山文創＆中正紀念堂,,25.0435962,121.5594021,,,4.4,菸廠改建文創聚落，展覽市集不斷,manual,2026-07-18
TPS037,中正紀念堂,台北,松山文創＆中正紀念堂,,25.0438366,121.5606383,,,4.5,紀念蔣中正的國家級建築，衛兵交接必看,manual,2026-07-18
TPS038,袖珍博物館,台北,松山文創＆中正紀念堂,,25.050421,121.5360584,,,4.4,亞洲首座袖珍藝術主題博物館,manual,2026-07-18
TPS039,寧夏夜市,台北,松山文創＆中正紀念堂,,25.0566808,121.5153641,,,4.2,台北最受好評夜市，古早味小吃天堂,manual,2026-07-18
TPS040,北投市場,台北,北投溫泉,,25.1332453,121.5024487,,,4.1,北投在地市場，溫泉之旅必訪,manual,2026-07-18
TPS041,新北投車站,台北,北投溫泉,,25.1366463,121.5034598,,,4.4,百年木造車站，溫泉鄉入口地標,manual,2026-07-18
TPS042,北投圖書館,台北,北投溫泉,,25.1364397,121.5062909,,,4.6,全台最美綠建築圖書館，森林中閱讀,manual,2026-07-18
TPS043,溫泉博物館,台北,北投溫泉,,25.1365694,121.50715,,,4.5,百年溫泉浴場改建，北投歷史見證,manual,2026-07-18
TPS044,地熱谷,台北,北投溫泉,,25.137894,121.5118863,,,4.6,溫泉源頭硫磺蒸氣，免費煮蛋體驗,manual,2026-07-18
TPS045,硫磺谷,台北,北投溫泉,,25.1435677,121.521203,,,4.4,硫磺地熱景觀，溫泉步道免費泡腳,manual,2026-07-18
TPS046,北投溫泉飯店泡湯,台北,北投溫泉,,25.1360164,121.5103605,,,4.1,北投溫泉鄉，百年泡湯文化體驗,manual,2026-07-18
TPS047,竹子湖採海芋/繡球花,台北,陽明山賞花,,25.1683059,121.5388751,,,4.3,陽明山花季限定，海芋繡球花海,manual,2026-07-18
TPS048,小油坑,台北,陽明山賞花,,25.176864,121.547523,,,4.6,陽明山火山噴氣孔，硫磺地質奇觀,manual,2026-07-18
TPS049,擎天崗,台北,陽明山賞花,,25.165756,121.5753508,,,4.6,陽明山草原牛群，台北最美高地草原,manual,2026-07-18
TPS050,冷水坑,台北,陽明山賞花,,25.1655828,121.5640191,,,,陽明山免費溫泉池，登山休息站,manual,2026-07-18
TPS051,夢幻湖,台北,陽明山賞花,,25.1667829,121.5602805,,,4.4,陽明山高山湖泊，生態保護區,manual,2026-07-18
TPS052,陽明山溫泉泡湯,台北,陽明山賞花,,25.1683059,121.5388751,,,4.1,陽明山溫泉區，台北最近泡湯勝地,manual,2026-07-18
TPS053,剝皮寮,台北,古蹟＆潮流衝突,,25.036838,121.5021648,,,4.2,萬華歷史街區，清代建築活保存,manual,2026-07-18
TPS054,龍山寺,台北,古蹟＆潮流衝突,,25.0373106,121.4998654,,,4.5,台北最古老寺廟，國定古蹟信仰中心,manual,2026-07-18
TPS055,西門町商圈,台北,古蹟＆潮流衝突,,25.0428337,121.5077445,,,4.4,台北年輕潮流聖地，西門紅樓地標,manual,2026-07-18
TPS056,西門町住一晚,台北,古蹟＆潮流衝突,,25.0446664,121.5063096,,,4.9,西門町住宿體驗，夜生活不間斷,manual,2026-07-18
TPS057,台灣大學,台北,台灣第一學府知性,,25.1334522,121.5023706,,,4.6,台灣第一學府，椰林大道校園美景,manual,2026-07-18
TPS058,自來水博物館,台北,台灣第一學府知性,,25.0125283,121.5300223,,,4.3,巴洛克式自來水廠建築，婚紗熱點,manual,2026-07-18
TPS059,寶藏巖,台北,台灣第一學府知性,,25.0105988,121.5332629,,,4.3,違建聚落改建藝術村，河岸山城,manual,2026-07-18
TPS060,公館商圈,台北,台灣第一學府知性,,25.0137201,121.5347221,,,4.2,台大旁學生商圈，美食小吃聚集,manual,2026-07-18
TPS061,故宮/兒童樂園,台北,故宮親子寓教於樂,,25.1020891,121.5483432,,,4.6,世界級中華文物典藏，必看翠玉白菜,manual,2026-07-18
TPS062,科學教育館/天文科學教育館,台北,故宮親子寓教於樂,,25.0959417,121.5192048,,,4.6,互動科學展覽與天文館，親子首選,manual,2026-07-18
TPS063,士林夜市,台北,故宮親子寓教於樂,,25.0884972,121.5243504,,,4.1,台北最大夜市，多樣小吃與遊戲,manual,2026-07-18
TPS064,動物園,台北,動物園、貓空親子,,24.972981,121.5883709,,,4.6,亞洲最大動物園，貓熊企鵝明星動物,manual,2026-07-18
TPS065,貓空一日遊,台北,動物園、貓空親子,,24.972981,121.5883709,,,4.5,搭纜車上貓空品茶，台北茶鄉體驗,manual,2026-07-18
TPS066,迪化街,台北,大稻埕行天宮古蹟,,25.0628658,121.5338733,,,,台北最古老商街，中藥乾貨南北貨集散,manual,2026-07-18
TPS067,大稻埕,台北,大稻埕行天宮古蹟,,25.05658135568174,121.507134999781,,,,清末台北商業重心，懷舊文創復興,manual,2026-07-18
TPS068,行天宮,台北,大稻埕行天宮古蹟,,25.0628658,121.5338733,,,4.7,台北知名關帝廟，收驚信仰熱門,manual,2026-07-18
TPS069,永康商圈,台北,大稻埕行天宮古蹟,,25.0335158,121.5300045,,,4.2,芒果冰牛肉麵發源地，文青美食街,manual,2026-07-18
TPS070,大湖公園,台北,其他,,25.0825351,121.603164,,,4.5,位於台北內湖的都會公園，以白鷺鷥造型的錦帶橋與湖光山色聞名，環湖步道與錦帶橋倒影是台北最美的拍照景點之一。,manual,2026-07-18
TPS071,陽明山國家公園,台北,其他,,25.1942462,121.5609363,,,4.5,台灣最接近都會區的國家公園，以大屯火山群地景為特色，擁有溫泉、硫磺地熱、高山草原與豐富生態，是台北人賞花泡湯與登山的首選。,manual,2026-07-18
TPS072,延平河濱公園,台北,其他,,25.054116,121.507081,,,4.3,位於台北大同區的河濱公園，沿淡水河畔設有自行車道與運動設施，可欣賞夕陽與大稻埕碼頭景色，是市民河岸散步與騎車的休閒好去處。,manual,2026-07-18
TPS073,臺北植物園,台北,其他,,25.0318511,121.5094593,,,4.6,位於台北南海路的歷史植物園，創建於日治時期，收藏超過2000種植物，有荷花池與歷史建築，是市區內的植物知識與賞荷勝地。,manual,2026-07-18
TPS074,北投溫泉博物館,台北,其他,,25.1365694,121.50715,,,4.5,位於台北北投的溫泉博物館，原為日治時期的公共浴場，展示北投溫泉發展史與溫泉地質，建築本身即為歷史古蹟。,manual,2026-07-18
TPS075,國立臺灣博物館,台北,其他,,25.0427872,121.5151192,,,4.5,台灣歷史最悠久的博物館，位於台北二二八和平公園內，建築為希臘古典風格，展示台灣自然史、原住民文化與生物多樣性。,manual,2026-07-18
TPS076,華山1914文化創意產業園區,台北,其他,,25.0440698,121.5293583,,,4.5,位於台北市的文創園區，由日治時期酒廠改建，提供展覽、表演、市集與文創商店，是台灣文創產業的指標性據點。,manual,2026-07-18
TPS077,臺北市立美術館,台北,其他,,25.072136,121.5244037,,,4.6,台灣第一座現代美術館，位於圓山花博公園旁，收藏與展示台灣現代藝術作品，建築為現代主義風格，是台灣美術發展的重鎮。,manual,2026-07-18
TPS078,臺北市立兒童新樂園,台北,其他,,25.0972351,121.514951,,,4.5,位於士林的台北市兒童樂園，提供旋轉木馬、摩天輪、雲霄飛車等遊樂設施，結合天文科學館與兒童館，適合親子出遊。,manual,2026-07-18
TPS079,轉角小市場,台北,北投,,25.134363,121.5024853,,,4.6,特色小吃琳瑯滿目，讓人流連忘返，是夜市的亮點。,manual,2026-07-18
TPS080,臺北市公有士林市場,台北,士林,,25.0880024,121.5241766,,,4.1,人氣市場小吃，琳瑯滿目，滿足各種味蕾需求。,manual,2026-07-18
TPS081,臨江市場,台北,大安,,25.0294555,121.5571479,,,4.1,多樣小吃選擇，讓你品味台灣地道美食的好去處。,manual,2026-07-18
TPS082,水源市場,台北,中正,,25.013569,121.5349937,,,4.1,多樣化小吃選擇，超人氣的夜市美食天堂。,manual,2026-07-18
NTPS083,碧潭,新北,碧潭＆烏來,,24.8663721,121.5497801,,,,新店碧潭吊橋，湖景划船悠閒,manual,2026-07-18
NTPS084,烏來老街,新北,碧潭＆烏來,,24.8637067,121.5514325,,,4.2,原住民老街，溫泉瀑布山產美食,manual,2026-07-18
NTPS085,烏來台車,新北,碧潭＆烏來,,24.8609414,121.551184,,,4.4,人力台車改建觀光軌道，山林體驗,manual,2026-07-18
NTPS086,烏來瀑布,新北,碧潭＆烏來,,24.8474426,121.5519459,,,4.3,烏來招牌瀑布，雲仙纜車觀景,manual,2026-07-18
NTPS087,烏來溫泉泡湯,新北,碧潭＆烏來,,24.8620725,121.5508035,,,4.5,烏來碳酸溫泉，泰雅族原鄉泡湯,manual,2026-07-18
NTPS088,陰陽海,新北,九份,,25.109187,121.8462979,,,4.4,金瓜石陰陽海奇景，礦物染色海岸,manual,2026-07-18
NTPS089,黃金瀑布,新北,九份,,25.109187,121.8462979,,,4.4,金瓜石礦物瀑布，黃褐色奇觀,manual,2026-07-18
NTPS090,黃金博物館,新北,九份,,25.1089289,121.8449771,,,4.2,金瓜石採金歷史，黃金館必訪,manual,2026-07-18
NTPS091,不厭亭,新北,九份,,25.109187,121.8462979,,,4.6,寂寞公路美景，雙溪瑞芳交界秘境,manual,2026-07-18
NTPS092,九份老街,新北,九份,,25.1098077,121.8452102,,,4.3,山城老街蜿蜒石階，茶香與懷舊氛圍,manual,2026-07-18
NTPS093,九份住一晚,新北,九份,,25.109187,121.8462979,,,4.6,九份山城住宿，夜景海景第一排,manual,2026-07-18
NTPS094,淡水老街,新北,淡水,,25.168927,121.4440921,,,4.4,河畔老街散步，夕陽阿給魚丸湯,manual,2026-07-18
NTPS095,小白宮,新北,淡水,,25.174176,121.4362748,,,4.2,淡水前清稅務司官邸，白牆殖民建築,manual,2026-07-18
NTPS096,淡水紅毛城,新北,淡水,,25.1754267,121.4329366,,,4.4,台灣最古老城堡，三百多年歷史地標,manual,2026-07-18
NTPS097,漁人碼頭,新北,淡水,,25.1830092,121.4121084,,,4.5,淡水漁人碼頭，情人橋夕陽絕美,manual,2026-07-18
NTPS098,淡水住一晚,新北,淡水,,25.1719805,121.4433706,,,4.1,淡水河畔住宿，夕陽夜景盡收眼底,manual,2026-07-18
NTPS099,猴硐貓村,新北,平溪,,25.0869527,121.8274974,,,,貓咪聚集村落，貓奴朝聖地,manual,2026-07-18
NTPS100,十分老街,新北,平溪,,25.0409838,121.7749723,,,4.3,天燈發源地，鐵軌穿街過火車頭上,manual,2026-07-18
NTPS101,十分瀑布,新北,平溪,,25.0489711,121.7874553,,,4.5,台灣版尼加拉瀑布，平溪最大瀑布,manual,2026-07-18
NTPS102,平溪老街,新北,平溪,,25.0252756,121.7388462,,,4.5,天燈故鄉老街，放天燈祈福體驗,manual,2026-07-18
NTPS103,菁桐老街,新北,平溪,,25.0237927,121.723513,,,4.2,平溪線終點站，木造車站懷舊,manual,2026-07-18
NTPS104,石碇千鳥湖,新北,石碇＆深坑,,24.9295934,121.6366001,,,4.3,翡翠水庫上游湖泊，山湖秘境,manual,2026-07-18
NTPS105,石碇老街,新北,石碇＆深坑,,25.0033792,121.6169002,,,4,山城老街，豆腐美食與吊腳樓,manual,2026-07-18
NTPS106,許家手工麵線,新北,石碇＆深坑,,24.9644157,121.6642152,,,4.4,石碇手工麵線，百年傳統技藝,manual,2026-07-18
NTPS107,深坑老街,新北,石碇＆深坑,,25.0016916,121.6147377,,,4.2,豆腐老街，臭豆腐麻辣豆腐必吃,manual,2026-07-18
NTPS108,碧潭風景區,新北,其他,,24.9559849,121.5365043,,,4.3,位於新店的新北市著名景點，以碧潭吊橋與湖面山景聞名，提供天鵝船、自行車道與吊橋漫步，是近郊休閒的熱門去處。,manual,2026-07-18
NTPS109,板橋435藝文特區,新北,其他,,25.0241693,121.4523308,,,4.4,位於板橋的藝文特區，原為退輔會宿舍，改建為藝術展演與文創空間，有濕地生態與藝術展覽，適合文青散策。,manual,2026-07-18
NTPS110,E7PLAY三重館,新北,其他,,25.061131,121.5011384,,,4.3,位於新北三重的大型室內運動娛樂場館，提供棒球打擊場、籃球場、攀岩等多樣運動設施，適合運動愛好者與親子同樂。,manual,2026-07-18
NTPS111,林本源園邸,新北,其他,,25.0110814,121.4546023,,,4.4,位於新北板橋的林家花園，為清代台灣首富林本源家族的私家園邸，以精美的閩南庭園建築與園林造景聞名，列為國定古蹟。,manual,2026-07-18
NTPS112,五股公有市場,新北,五股,,25.082923,121.4392282,,,4.4,中式餐廳，在地美味,manual,2026-07-18
NTPS113,泰山公有市場,新北,泰山,,25.0562107,121.4337291,,,4.2,異國風味餐廳，道地口味,manual,2026-07-18
NTPS114,新莊四維市場,新北,新莊,,25.02244,121.422819,,,4.1,小吃聚集地，超人氣的美食選擇讓人流連忘返。,manual,2026-07-18
NTPS115,福泰市場,新北,泰山,,25.059946,121.4333865,,,4.1,異國風味餐廳，道地口味,manual,2026-07-18
YLS116,幾米公園,宜蘭,宜蘭市,,24.7526264,121.7570038,,,4.1,幾米繪本主題公園，裝置藝術打卡,manual,2026-07-18
YLS117,宜蘭文學館,宜蘭,宜蘭市,,24.7550209,121.749406,,,4.1,日式建築文學空間，靜謐閱讀角落,manual,2026-07-18
YLS118,宜蘭設治紀念館,宜蘭,宜蘭市,,24.755325,121.7495415,,,4.3,日治時期官邸改建，歷史建築之美,manual,2026-07-18
YLS119,宜蘭酒廠,宜蘭,宜蘭市,,24.7569274,121.7490966,,,3.9,百年酒廠，甲子蘭酒文物館免費參觀,manual,2026-07-18
YLS120,積木博物館,宜蘭,宜蘭市,,24.7318691,121.7636599,,,4.6,亞洲首座積木主題館，親子必訪,manual,2026-07-18
YLS121,東門夜市,宜蘭,宜蘭市,,24.7581411,121.7584576,,,4,宜蘭市區夜市，在地人愛逛,manual,2026-07-18
YLS122,宜蘭傳藝中心,宜蘭,傳藝中心＋羅東夜市,,24.6770442,121.7693122,,,4.5,傳統藝術主題園區，三合院古建築,manual,2026-07-18
YLS123,冬山河親水公園/中興文創園區,宜蘭,傳藝中心＋羅東夜市,,24.6770442,121.7693122,,,4.4,冬山河畔親水公園，國際童玩節場地,manual,2026-07-18
YLS124,羅東林業文化園區,宜蘭,傳藝中心＋羅東夜市,,24.6819306,121.7722507,,,4.4,太平山林場遺址，蒸汽火車與貯木池,manual,2026-07-18
YLS125,羅東夜市,宜蘭,傳藝中心＋羅東夜市,,24.6770442,121.7693122,,,,宜蘭最知名夜市，羊肉湯龍鳳腿必吃,manual,2026-07-18
YLS126,林美石磐步道/五峰旗瀑布,宜蘭,礁溪鄉,,24.8342242,121.7470068,,,4.5,礁溪森林步道與瀑布，消暑登山,manual,2026-07-18
YLS127,龍潭湖,宜蘭,礁溪鄉,,24.7947594,121.7402063,,,4.4,礁溪最美湖泊，環湖步道悠閒,manual,2026-07-18
YLS128,金車水產養殖中心,宜蘭,礁溪鄉,,24.816999,121.7936162,,,4.3,金車觀光漁場，無菌白蝦養殖,manual,2026-07-18
YLS129,湯圍溝溫泉公園,宜蘭,礁溪鄉,,24.8285141,121.7699558,,,4.2,礁溪免費溫泉公園，足湯泡湯皆可,manual,2026-07-18
YLS130,空ㄟ農場,宜蘭,礁溪鄉,,24.840502,121.7814711,,,4.5,礁溪山上景觀餐廳，百萬夜景俯瞰,manual,2026-07-18
YLS131,蘭陽博物館,宜蘭,頭城鎮,,24.8686561,121.8327408,,,4.4,東北角地質人文博物館，建築本身就是地景,manual,2026-07-18
YLS132,頭城老街,宜蘭,頭城鎮,,24.8576121,121.8234687,,,3.9,開蘭第一街，清代街屋與文學巷,manual,2026-07-18
YLS133,龜山島/外澳沙灘,宜蘭,頭城鎮,,24.8778107,121.8430714,,,4.4,登龜山島看火山地貌，外澳衝浪沙灘,manual,2026-07-18
YLS134,伯朗咖啡城堡,宜蘭,頭城鎮,,24.8846282,121.8388434,,,4.1,頭城山頭城堡咖啡館，海景第一排,manual,2026-07-18
YLS135,宜農牧場,宜蘭,冬山鄉,,24.6886344,121.7355426,,,4.4,宜蘭親子牧場，餵羊餵鴨體驗,manual,2026-07-18
YLS136,斑比山丘,宜蘭,冬山鄉,,24.6468138,121.7431556,,,4.8,宜蘭超人氣鹿園，餵鹿互動療癒,manual,2026-07-18
YLS137,梅花湖,宜蘭,冬山鄉,,24.6427251,121.7330825,,,4.4,宜蘭環湖秘境，划船單車悠閒,manual,2026-07-18
YLS138,冬山伯朗大道,宜蘭,冬山鄉,,24.645495,121.8144542,,,4,冬山稻田自行車道，宜蘭版伯朗大道,manual,2026-07-18
YLS139,邱準射擊博物館/新寮瀑布,宜蘭,冬山鄉,,24.6011819,121.744857,,,4.5,射擊體驗與新寮瀑布步道,manual,2026-07-18
YLS140,福山植物園(需申請),宜蘭,員山鄉,,24.7597657,121.5854899,,,4.7,台灣最大植物園，生態保護區需預約,manual,2026-07-18
YLS141,望龍埤,宜蘭,員山鄉,,24.7766,121.6990972,,,4.3,員山湖泊秘境，環湖步道療癒,manual,2026-07-18
YLS142,金車噶瑪蘭威士忌酒廠,宜蘭,員山鄉,,24.7139177,121.6885279,,,4.4,台灣威士忌酒廠，品酒導覽,manual,2026-07-18
YLS143,香草菲菲,宜蘭,員山鄉,,24.7142725,121.6829894,,,3.9,員山香草主題餐廳，玻璃屋花園,manual,2026-07-18
YLS144,粉鳥林,宜蘭,蘇澳鎮,,24.4972161,121.84221,,,,蘇澳隱藏版漁港，秘境海灘,manual,2026-07-18
YLS145,南方澳觀景台,宜蘭,蘇澳鎮,,24.5765079,121.8667597,,,4.5,俯瞰南方澳漁港全景，9號隧道旁,manual,2026-07-18
YLS146,南方澳漁港,宜蘭,蘇澳鎮,,24.58198312906449,121.8683578874887,,,4.3,台灣三大漁港之一，現撈海鮮,manual,2026-07-18
YLS147,豆腐岬,宜蘭,蘇澳鎮,,24.583822,121.8714345,,,4.3,南方澳海蝕地形，浮潛釣魚勝地,manual,2026-07-18
YLS148,內埤海灘,宜蘭,蘇澳鎮,,24.5765384,121.8701356,,,4.4,南方澳情人灣，礫石海灘浪漫,manual,2026-07-18
YLS149,蘇澳冷泉,宜蘭,蘇澳鎮,,24.5973124,121.850703,,,3.8,全世界僅二處冷泉，蘇澳獨特體驗,manual,2026-07-18
YLS150,明池,宜蘭,明池＋清水地熱,,24.6509119,121.4715114,,,4.5,北橫明池山莊，高山湖泊仙境,manual,2026-07-18
YLS151,清水地熱,宜蘭,明池＋清水地熱,,24.6509119,121.4715114,,,4.5,清水地熱煮蛋，天然地熱奇景,manual,2026-07-18
YLS152,張美阿嬤農場,宜蘭,明池＋清水地熱,,24.6748671,121.675608,,,4.9,宜蘭超人氣農場，餵羊看動物,manual,2026-07-18
YLS153,翠峰湖,宜蘭,太平山,,24.494662,121.533954,,,4.6,太平山最大高山湖泊，晨霧絕美,manual,2026-07-18
YLS154,太平山蹦蹦車,宜蘭,太平山,,24.494662,121.533954,,,4.6,太平山森林蹦蹦車，雲海步道,manual,2026-07-18
YLS155,見晴懷古步道,宜蘭,太平山,,24.5052473,121.5256669,,,4.6,太平山最美步道，鐵道遺跡雲海,manual,2026-07-18
YLS156,鳩之澤溫泉,宜蘭,太平山,,24.5453779,121.5081831,,,4.4,太平山溫泉，煮蛋泡湯皆宜,manual,2026-07-18
YLS157,蜡藝蠟筆城堡,宜蘭,宜蘭觀光工廠,,24.6163405,121.828104,,,4.2,蜡筆主題觀光工廠，親子DIY,manual,2026-07-18
YLS158,奇麗灣珍奶文化館,宜蘭,宜蘭觀光工廠,,24.6342063,121.83672,,,4.2,珍珠奶茶發明館，DIY體驗,manual,2026-07-18
YLS159,計程車博物館,宜蘭,宜蘭觀光工廠,,24.6056252,121.8314069,,,4.5,全球首座計程車主題館，懷舊交通,manual,2026-07-18
YLS160,溪和水產觀光工廠,宜蘭,宜蘭觀光工廠,,24.6580359,121.8325831,,,4.4,水產加工觀光工廠，魚丸DIY,manual,2026-07-18
YLS161,虎牌米粉,宜蘭,宜蘭觀光工廠,,24.662837,121.829758,,,4.4,米粉觀光工廠，懷舊復古場景,manual,2026-07-18
YLS162,蜡藝蜡筆城堡,宜蘭,其他,,24.6163405,121.828104,,,4.2,位於宜蘭蘇澳的蜡筆觀光工廠，展示蜡筆製造過程與色彩科學，提供蠟筆DIY與彩色蠟筆牆打卡，是親子發揮創意的彩色樂園。,manual,2026-07-18
YLS163,安永心食館,宜蘭,其他,,24.6148801,121.817942,,,4.8,位於宜蘭蘇澳的海鮮觀光工廠，以鮪魚加工為主題，展示漁業文化與海鮮知識，提供試吃與海鮮料理，是海鮮愛好者的必訪景點。,manual,2026-07-18
YLS164,張美阿嬤農場（動物+月森甯手作工坊）,宜蘭,其他,,24.6748671,121.675608,,,4.9,位於宜蘭的休閒農場，提供近距離餵食草食動物如水豚、袋鼠與羊的體驗，並有手作工坊，適合親子互動與自然體驗。,manual,2026-07-18
YLS165,星夢森林劇場,宜蘭,其他,,24.6807635,121.7399275,,,4.9,位於宜蘭的森林主題園區，結合動物互動、植栽造景與裝置藝術，有羊駝、孔雀等動物，適合親子出遊與拍照打卡。,manual,2026-07-18
YLS166,水岸-森林物語可愛動物園區,宜蘭,其他,,24.6829103,121.731435,,,5,位於宜蘭的可愛動物園區，飼養多種溫馴小動物，提供餵食互動體驗與森林步道散步，是適合幼兒與親子的自然景點。,manual,2026-07-18
YLS167,宜蘭-斑比山丘,宜蘭,其他,,24.6468138,121.7431556,,,4.8,位於宜蘭的梅花鹿互動園區，可近距離餵食與撫摸梅花鹿，園區以童話森林風格打造，是拍照打卡與親子互動的熱門景點。,manual,2026-07-18
YLS168,樂色山,宜蘭,其他,,24.7306773,121.7747729,,,4.8,位於宜蘭的環保藝術主題園區，以回收素材打造裝置藝術與遊憩設施，傳遞環保理念並提供手作體驗，是寓教於樂的綠色景點。,manual,2026-07-18
YLS169,宜蘭幾米公園,宜蘭,其他,,24.7526264,121.7570038,,,4.1,位於宜蘭車站旁的幾米主題公園，以繪本作家幾米的插畫為主題，有星空列車、行李人偶等裝置藝術，是宜蘭最具文創特色的打卡景點。,manual,2026-07-18
YLS170,金車礁溪蘭花園附設動植物生態館,宜蘭,其他,,24.8207801,121.784266,,,4.1,位於宜蘭礁溪的蘭花觀光園區，種植各式蝴蝶蘭與熱帶植物，並設有水族與昆蟲生態展示，適合欣賞花卉與生態教育。,manual,2026-07-18
YLS171,宜蘭傳藝園區,宜蘭,其他,,24.685587,121.824053,,,4.5,位於宜蘭五結的傳統藝術園區，展示台灣傳統工藝、戲曲與民俗文化，提供手作DIY與街頭表演，是體驗台灣文化的必遊景點。,manual,2026-07-18
TYS172,Xpark,桃園,中壢、平鎮,,24.9296022,121.2053963,,,4.3,全台最知名都會型水族館，沉浸式展區,manual,2026-07-18
TYS173,華泰名品城,桃園,中壢、平鎮,,24.9296022,121.2053963,,,4.2,全台最大美式Outlet購物商城,manual,2026-07-18
TYS174,羊世界牧場,桃園,中壢、平鎮,,24.9296022,121.2053963,,,3.9,中壢親子牧場，餵羊擠羊乳體驗,manual,2026-07-18
TYS175,馬祖新村,桃園,中壢、平鎮,,24.9296022,121.2053963,,,,中壢眷村文創園區，懷舊拍照,manual,2026-07-18
TYS176,中壢觀光夜市,桃園,中壢、平鎮,,24.9296022,121.2053963,,,4.3,桃園知名夜市，多樣平價小吃,manual,2026-07-18
TYS177,三坑自然生態公園,桃園,龍潭,,24.8389549,121.2573802,,,4.3,龍潭生態公園，埤塘與自行車道,manual,2026-07-18
TYS178,太平紅橋,桃園,龍潭,,24.8312646,121.2455461,,,4.1,龍潭百年紅磚拱橋，古蹟秘境,manual,2026-07-18
TYS179,三坑老街,桃園,龍潭,,24.8494521,121.2541811,,,,龍潭客家老街，永福宮與古厝,manual,2026-07-18
TYS180,龍潭大池,桃園,龍潭,,24.8617042,121.2100481,,,4.3,龍潭觀光湖泊，吊橋划船悠閒,manual,2026-07-18
TYS181,手信霧隱城,桃園,龍潭,,24.8803025,121.2426257,,,4.5,龍潭日式觀光工廠，伴手禮打卡,manual,2026-07-18
TYS182,石門水庫,桃園,大溪,,24.8130059,121.289816,,,4.4,台灣最早水庫，楓葉賞景騎單車,manual,2026-07-18
TYS183,大溪老街,桃園,大溪,,24.8851861,121.2874784,,,4.2,巴洛克立面老街，豆干美食故鄉,manual,2026-07-18
TYS184,大溪河濱公園,桃園,大溪,,24.8932601,121.283638,,,4.4,大漢溪畔公園，親子自行車道,manual,2026-07-18
TYS185,富田花園農場,桃園,大溪,,24.83186,121.265507,,,4,大溪花園農場，歐風拍照勝地,manual,2026-07-18
TYS186,慈湖,桃園,大溪,,24.8421033,121.2992519,,,4.3,金門慈湖，鸕鶿歸巢賞鳥勝地,manual,2026-07-18
TYS187,天御花園,桃園,大溪,,24.8298658,121.3061439,,,4.2,大溪花卉農場，季節花海打卡,manual,2026-07-18
TYS188,花開了休閒農場,桃園,大溪,,24.8267975,121.3108826,,,4.1,大溪親子農場，動物互動花園,manual,2026-07-18
TYS189,大溪老茶廠,桃園,大溪,,24.8306561,121.328373,,,4.2,百年茶廠改建，文青品茶空間,manual,2026-07-18
TYS190,桃園77藝文町,桃園,桃園,,24.9917009,121.3114899,,,4.1,日式宿舍群文創園區，咖啡展覽,manual,2026-07-18
TYS191,虎頭山公園,桃園,桃園,,25.0017706,121.3309308,,,4.4,桃園市區最大公園，步道神社,manual,2026-07-18
TYS192,奧爾森林學堂,桃園,桃園,,25.0018144,121.327567,,,4.4,虎頭山樹屋群，親子自然探索,manual,2026-07-18
TYS193,桃園忠烈祠,桃園,桃園,,25.0062905,121.3252836,,,4.5,全台保存最完整日本神社建築,manual,2026-07-18
TYS194,虎頭山環保公園,桃園,桃園,,25.0120385,121.3283886,,,4.5,桃園夜景勝地，飛機起降觀景,manual,2026-07-18
TYS195,山腳鹿場,桃園,蘆竹、大園、觀音,,25.0836661,121.2902784,,,4.3,蘆竹親子鹿場，餵鹿互動體驗,manual,2026-07-18
TYS196,坑口彩繪村,桃園,蘆竹、大園、觀音,,25.0908784,121.2669554,,,3.7,蘆竹彩繪眷村，眷村風情打卡,manual,2026-07-18
TYS197,竹圍漁港,桃園,蘆竹、大園、觀音,,25.0784359,121.2969674,,,4.2,桃園漁港，現撈海鮮與彩虹橋,manual,2026-07-18
TYS198,許厝港溼地,桃園,蘆竹、大園、觀音,,25.0873338,121.1762524,,,4.4,國家級濕地，候鳥觀察生態區,manual,2026-07-18
TYS199,觀音草漯沙丘,桃園,蘆竹、大園、觀音,,25.0735925,121.126474,,,4.2,台版撒哈拉沙漠，IG打卡秘境,manual,2026-07-18
TYS200,埔心牧場,桃園,楊梅、新屋,,24.9259421,121.1763718,,,4.3,楊梅老牌牧場，乳牛餵食體驗,manual,2026-07-18
TYS201,新屋綠色隧道,桃園,楊梅、新屋,,24.9242108,121.1366715,,,4.3,沿海防風林自行車道，綠蔭隧道,manual,2026-07-18
TYS202,永安漁港,桃園,楊梅、新屋,,24.9242108,121.1366715,,,4.1,新屋漁港，觀光魚市與跨港橋,manual,2026-07-18
TYS203,小烏來天空步道,桃園,復興,,24.7903264,121.3754843,,,4.1,復興天空步道，懸空透明玻璃,manual,2026-07-18
TYS204,綠光森林,桃園,復興,,24.816977,121.3751406,,,4.3,復興山林咖啡，楓葉與雲景,manual,2026-07-18
TYS205,角板山行館,桃園,復興,,24.8162611,121.3488891,,,4.2,復興蔣公行館，思親亭俯瞰溪口,manual,2026-07-18
TYS206,新溪口吊橋,桃園,復興,,24.8097661,121.3475739,,,4,全台最長懸索吊橋，大漢溪谷景,manual,2026-07-18
TYS207,郭元益糕餅博物館,桃園,楊梅,,24.9282193,121.166915,,,,楊梅糕餅博物館，DIY手作糕餅體驗，親子熱門景點,manual,2026-07-18
TYS208,雅聞魅力博覽館,桃園,楊梅,,24.9067588,121.1508582,,,,楊梅玫瑰花園，歐式庭園造景，免費參觀拍照打卡,manual,2026-07-18
TYS209,楊梅故事園區,桃園,楊梅,,24.905102,121.1455732,,,,免費藝文展覽空間，老宅改建，天空之鏡拍照，客家文化走讀,manual,2026-07-18
TYS210,四維兒童公園,桃園,楊梅,,24.9124628,121.1803686,,,,全台第一座眷村風格特色遊戲場，雙層眷屋遊戲塔、跑酷挑戰，親子必去,manual,2026-07-18
TYS211,楊梅貴山公園,桃園,楊梅,,24.9062593,121.1482368,,,,免費24小時開放，登山步道短程輕鬆，傍晚視野最佳,manual,2026-07-18
TYS212,秀才登山步道,桃園,楊梅,,24.8819154,121.1449932,,,,楊梅輕鬆健行步道，親子友善，來回約1小時,manual,2026-07-18
TYS213,白蛇廟,桃園,楊梅,,24.923779,121.13169,,,,楊梅特色廟宇，白蛇傳故事主題，全台少見白蛇廟,manual,2026-07-18
TYS214,鑊篤陂塘生態公園,桃園,楊梅,,24.9081994,121.2025438,,,,楊梅陂塘生態公園，散步休憩賞鳥，自然風光,manual,2026-07-18
TYS215,大坑缺石駁生態園區,桃園,楊梅,,24.9055082,121.1907452,,,,楊梅自然生態園區，親水步道與生態觀察,manual,2026-07-18
TYS216,楊梅夜市,桃園,楊梅,,24.9107203,121.161677,,,,楊梅在地夜市，週三限 定營業，小吃美食聚集,manual,2026-07-18
TYS217,仙草花田,桃園,楊梅,,24.9137055,121.0919601,,,,楊梅仙草花季（11月），紫色花海季節限定美景,manual,2026-07-18
TYS218,南門觀光市場,桃園,桃園,,24.9919474,121.3072513,,,4.1,各式小吃匯聚，超人氣美食天堂,manual,2026-07-18
TYS219,九斗村農場(官方LINEID:@abc101洽詢、預約請加入)團康大型活動 家庭日 戶外教學 迎新露營 有機農場生態現採蔬果 推薦人氣好玩,桃園,其他,,24.9607349,121.1289554,,,4.9,位於台北近郊的有機休閒農場，提供團康活動、露營、生態導覽與現採蔬果體驗，適合家庭出遊、戶外教學與企業家庭日活動。,manual,2026-07-18
HCS220,新竹動物園,新竹,新竹市區親子,,24.8001567,120.9799245,,,4.1,全台最古老動物園，重新翻新開放,manual,2026-07-18
HCS221,新竹公園,新竹,新竹市區親子,,24.8009158,120.9773254,,,4.4,麗池公園日式庭園，市區綠洲,manual,2026-07-18
HCS222,新竹城隍廟,新竹,新竹市區親子,,24.8045519,120.965808,,,4.4,三級古蹟城隍廟，廟口美食聚集,manual,2026-07-18
HCS223,護城河親水公園,新竹,新竹市區親子,,24.8064709,120.9706268,,,4.3,新竹市區親水步道，河岸休憩,manual,2026-07-18
HCS224,新竹眷村博物館,新竹,新竹市區親子,,24.8140952,120.9668285,,,4.2,全台首座眷村主題館，懷舊文物,manual,2026-07-18
HCS225,南寮漁港,新竹,新竹海線,,24.8487505,120.9252429,,,4.2,新竹漁港，地中海風情與風箏,manual,2026-07-18
HCS226,17公里海岸線,新竹,新竹海線,,24.8462393,120.9258941,,,4.3,新竹沿海自行車道，海風骑行,manual,2026-07-18
HCS227,香山濕地,新竹,新竹海線,,24.7837272,120.915052,,,4.4,新竹最大濕地，招潮蟹生態區,manual,2026-07-18
HCS228,青青草原,新竹,新竹海線,,24.7726541,120.9254811,,,4.3,新竹市區草原公園，溜滑梯親子,manual,2026-07-18
HCS229,薰衣草森林,新竹,薰衣草森林、內灣,,24.7057594,121.1781975,,,4.7,新社薰衣草主題園，森林咖啡,manual,2026-07-18
HCS230,六號花園,新竹,薰衣草森林、內灣,,24.7057594,121.1781975,,,4.4,尖石山中花園餐廳，繡球花季,manual,2026-07-18
HCS231,內灣吊橋,新竹,薰衣草森林、內灣,,24.7023098,121.1833248,,,4.1,內灣老街入口吊橋，油羅溪景,manual,2026-07-18
HCS232,內灣老街,新竹,薰衣草森林、內灣,,24.7052146,121.1823397,,,4.2,山城客家老街，野薑花粽必吃,manual,2026-07-18
HCS233,合興車站,新竹,薰衣草森林、內灣,,24.71668,121.15437,,,4.1,內灣線愛情車站，木造懷舊,manual,2026-07-18
HCS234,青蛙石天空步道,新竹,尖石鄉,,24.6853458,121.229844,,,4,尖石透明玻璃步道，瀑布溪谷,manual,2026-07-18
HCS235,宇老觀景台,新竹,尖石鄉,,24.667653,121.281963,,,4.4,尖石最高觀景點，雲海山巒,manual,2026-07-18
HCS236,老鷹溪步道,新竹,尖石鄉,,24.6611184,121.2996465,,,4.5,尖石生態步道，瀑布與巨木,manual,2026-07-18
HCS237,數碼天空,新竹,尖石鄉,,24.7067958,121.2634259,,,3.9,尖石山上景觀餐廳，超廣角山景,manual,2026-07-18
HCS238,綠世界生態農場,新竹,北埔鄉,,24.6988096,121.071096,,,4.6,北埔最大生態農場，動物互動,manual,2026-07-18
HCS239,北埔老街,新竹,北埔鄉,,24.6998161,121.0572201,,,4.2,客家老街，擂茶膨風茶必體驗,manual,2026-07-18
HCS240,北埔冷泉,新竹,北埔鄉,,24.6629944,121.0724295,,,4.1,全台罕見冷泉，夏季消暑秘境,manual,2026-07-18
HCS241,馬武督探索森林,新竹,關西鎮,,24.7678506,121.2813658,,,4.3,關西森林遊樂區，綠光小學拍攝地,manual,2026-07-18
HCS242,關西老街,新竹,關西鎮,,24.7945315,121.1742979,,,3.8,關西百年老街，石板路與古厝,manual,2026-07-18
HCS243,東安古橋,新竹,關西鎮,,24.7908574,121.1798009,,,4.4,關西古橋地標，石拱橋拍照,manual,2026-07-18
HCS244,小熊博物館,新竹,關西鎮,,24.8044851,121.1481284,,,4.8,關西泰迪熊主題館，親子必訪,manual,2026-07-18
HCS245,關西仙草博物館,新竹,關西鎮,,24.801449,121.186043,,,3.9,關西仙草主題館，仙草DIY體驗,manual,2026-07-18
HCS246,山上人家,新竹,五峰鄉,,24.604847,121.089035,,,4.1,五峰高山景觀餐廳，雲海森林,manual,2026-07-18
HCS247,張學良文化園區,新竹,五峰鄉,,24.5724819,121.1054503,,,4.2,五峰清泉張學良故居，歷史人文,manual,2026-07-18
HCS248,雪霸休閒農場,新竹,五峰鄉,,24.5276476,121.1178128,,,4.5,五峰高山農場，觀霧雲海勝地,manual,2026-07-18
HCS249,味衛佳柿餅(9-1月限定),新竹,新埔、湖口,,24.8406343,121.0763459,,,4.2,新埔柿餅加工廠，曬柿餅美景,manual,2026-07-18
HCS250,普羅旺斯小木屋,新竹,新埔、湖口,,24.8814458,121.0449768,,,4.6,新埔花園小木屋，歐風拍照,manual,2026-07-18
HCS251,湖口好客文創園區,新竹,新埔、湖口,,24.8965969,121.0624912,,,4.3,湖口客家文創園區，擂茶體驗,manual,2026-07-18
HCS252,湖口老街,新竹,新埔、湖口,,24.8768721,121.0551483,,,,湖口百年老街，紅磒拱廊建築,manual,2026-07-18
HCS253,山丘上景觀咖啡館,新竹,新埔、湖口,,24.8730334,121.0812096,,,4.3,湖口山上景觀咖啡，俯瞰夜景,manual,2026-07-18
HCS254,新豐紅樹林,新竹,新豐、竹北,,24.9089919,120.9691999,,,4,新豐紅樹林生態區，木棧道觀蟹,manual,2026-07-18
HCS255,新瓦屋客家文化保存區,新竹,新豐、竹北,,24.8118946,121.0270378,,,4.3,竹北客家聚落保存區，古厝文創,manual,2026-07-18
HCS256,厚食聚落,新竹,新豐、竹北,,24.794641,121.0027557,,,4,竹北客家美食聚落，在地農產,manual,2026-07-18
HCS257,豆腐岩,新竹,新豐、竹北,,24.7998907,121.0296557,,,4,竹北頭前溪豆腐岩，IG打卡奇岩,manual,2026-07-18
HCS258,新月沙灣,新竹,新豐、竹北,,24.8669891,120.9428406,,,4.2,竹北海邊沙灘，夕陽散步勝地,manual,2026-07-18
HCS259,廢物媽媽育兒農場,新竹,其他,,24.8238038,120.91248,,,4.9,位於新竹的親子友善農場，以自然生態與環保理念為主題，提供動物餵食、植栽體驗等活動，適合家庭出遊。,manual,2026-07-18
HCS260,香山濕地賞蟹步道,新竹,其他,,24.7831722,120.9143118,,,4.4,位於新竹香山的沿海濕地生態區，擁有豐富的招潮蟹與彈塗魚生態，設有賞蟹步道供遊客近距離觀察濕地生物。,manual,2026-07-18
HCS261,硬派主廚的軟嫩料理-東門市場,新竹,其他,,24.8054975,120.9691403,,,4.4,氣氛悠閒的小巧餐廳，供應湯品、燉肉和燒肉料理。,manual,2026-07-18
HCS262,竹東 中央公有零售市場,新竹,竹東鎮,,24.737402,121.0909338,,,4.2,竹東中央公有零售市場，人氣小吃聚集地，品味多樣的夜市風味。,manual,2026-07-18
HCS263,湖口市場,新竹,湖口鄉,,24.9021308,121.0465522,,,4,擁有多種小吃選擇，讓你品味當地風味。,manual,2026-07-18
MLS264,舊山線鐵道自行車,苗栗,三義鄉,,24.3604227,120.7748538,,,4.2,三義鐵道自行車，穿越隧道與斷橋,manual,2026-07-18
MLS265,龍騰斷橋,苗栗,三義鄉,,24.3585179,120.7740367,,,4.3,三義地震遺跡斷橋，紅磚拱門打卡,manual,2026-07-18
MLS266,勝興車站,苗栗,三義鄉,,24.388064,120.782003,,,4.5,舊山線最高車站，木造建築懷舊,manual,2026-07-18
MLS267,山那邊．綠葉方舟,苗栗,三義鄉,,24.3908633,120.7783433,,,4.2,三義山林餐廳，自然生態花園,manual,2026-07-18
MLS268,卓也小屋,苗栗,三義鄉,,24.3922778,120.7954631,,,4.3,三義藍染文創小屋，度假民宿,manual,2026-07-18
MLS269,蓬萊溪護魚步道,苗栗,南庄鄉,,24.5510055,120.9724369,,,4.2,南庄護魚步道，清澈溪流生態,manual,2026-07-18
MLS270,神仙谷瀑布,苗栗,南庄鄉,,24.54515,121.03076,,,4.4,南庄泰雅族聖地，瀑布溪谷秘境,manual,2026-07-18
MLS271,南庄老街,苗栗,南庄鄉,,24.5993184,120.9992815,,,4.1,南庄桂花巷老街，客家原民融合,manual,2026-07-18
MLS272,蘇維拉莊園,苗栗,南庄鄉,,24.6068576,120.9940933,,,4.1,南庄歐風莊園，魔戒場景打卡,manual,2026-07-18
MLS273,大湖草莓園(11-4月),苗栗,大湖鄉,,24.3579934,120.8408603,,,4.9,大湖草莓觀光農園，採草莓體驗,manual,2026-07-18
MLS274,大湖酒莊,苗栗,大湖鄉,,24.429005,120.8681012,,,3.8,大湖草莓酒莊，亞洲唯一草莓酒,manual,2026-07-18
MLS275,巧克力雲莊,苗栗,大湖鄉,,24.4485576,120.8771112,,,4.1,大湖巧克力主題莊園，DIY體驗,manual,2026-07-18
MLS276,天空之城,苗栗,大湖鄉,,24.3494064,120.7785998,,,4.1,大湖山中城堡餐廳，鯉魚潭景,manual,2026-07-18
MLS277,竹南啤酒廠,苗栗,竹南鎮,,24.7117321,120.8768849,,,4.1,台啤竹南廠觀光，啤酒試飲,manual,2026-07-18
MLS278,崎頂車站,苗栗,竹南鎮,,24.7228885,120.871839,,,4.4,日式木造車站，鐵道迷朝聖,manual,2026-07-18
MLS279,崎頂子母隧道,苗栗,竹南鎮,,24.7276784,120.8763224,,,,竹南雙隧道遺跡，二戰歷史,manual,2026-07-18
MLS280,龍鳳漁港,苗栗,竹南鎮,,24.70005065829799,120.8560851454809,,,4.2,竹南漁港，現撈海鮮與夕陽,manual,2026-07-18
MLS281,四方鮮乳牧場,苗栗,竹南鎮,,24.7228842,120.8927764,,,3.7,竹南乳牛牧場，親子餵牛體驗,manual,2026-07-18
MLS282,功維敘步道,苗栗,苗栗市、公館、銅鑼,,24.5543568,120.8109621,,,4.2,苗栗市隧道步道，夜晚灯光秀,manual,2026-07-18
MLS283,客家文化館,苗栗,苗栗市、公館、銅鑼,,24.462385,120.771245,,,4.5,銅鑼客家文化園區，建築本身就是地景,manual,2026-07-18
MLS284,台灣油礦陳列館,苗栗,苗栗市、公館、銅鑼,,24.4600489,120.8560819,,,4.4,公館出磺坑油礦博物館，石油歷史,manual,2026-07-18
MLS285,桐遊柿界,苗栗,苗栗市、公館、銅鑼,,24.4915294,120.8369835,,,4.1,公館柿餅觀光農場，季節限定,manual,2026-07-18
MLS286,汶水老街,苗栗,泰安、獅潭,,24.4576986,120.8756204,,,3.6,泰安溫泉入口老街，客家小吃,manual,2026-07-18
MLS287,烏嘎彥竹林,苗栗,泰安、獅潭,,24.4209213,120.9196081,,,4.3,泰安竹林秘境，台版嵯峨野,manual,2026-07-18
MLS288,清安豆腐街,苗栗,泰安、獅潭,,24.44651,120.90513,,,3.7,泰安豆腐街，手工豆腐料理,manual,2026-07-18
MLS289,泰安溫泉,苗栗,泰安、獅潭,,24.4719444,120.9769444,,,4.2,苗栗碳酸溫泉，山林泡湯勝地,manual,2026-07-18
MLS290,明德水庫,苗栗,頭屋、後龍,,24.584586,120.886779,,,4.3,頭屋湖泊景觀，環湖露營,manual,2026-07-18
MLS291,日新島,苗栗,頭屋、後龍,,24.5878394,120.8895485,,,4.1,明德水庫島嶼，吊橋與咖啡廳,manual,2026-07-18
MLS292,雅聞七里香玫瑰森林,苗栗,頭屋、後龍,,24.6000795,120.8852242,,,4.1,頭屋玫瑰主題園區，花香花海,manual,2026-07-18
MLS293,客家圓樓,苗栗,頭屋、後龍,,24.6034545,120.8233391,,,3.6,後龍客家圓樓建築，文化展示,manual,2026-07-18
MLS294,半天寮好望角,苗栗,頭屋、後龍,,24.601974,120.731191,,,4.4,後龍海邊高地，風車與海景,manual,2026-07-18
MLS295,飛牛牧場,苗栗,通霄鎮,,24.441267,120.741294,,,4.3,通霄知名牧場，乳牛與自然體驗,manual,2026-07-18
MLS296,台鹽通霄觀光園區,苗栗,通霄鎮,,24.5559494,120.7035802,,,4.1,通霄鹽來館，製鹽導覽體驗,manual,2026-07-18
MLS297,雅聞香草植物工廠,苗栗,其他,,24.3768168,120.7588926,,,4,位於苗栗的香草植物觀光工廠，種植各式香草並研發保養品，提供導覽與DIY體驗，享受香草芬芳的悠閒時光。,manual,2026-07-18
MLS298,苗栗舊山線鐵道自行車-勝興站,苗栗,其他,,24.3882157,120.7819871,,,4.2,苗栗舊山線鐵道改建的自行車體驗，從勝興車站出發，沿途經過龍騰斷橋等歷史遺跡，以鐵道自行車漫遊山城風光。,manual,2026-07-18
MLS299,洗水坑豆腐街,苗栗,其他,,24.44651,120.90513,,,4,位於苗栗三義的豆腐街，以當地純淨山泉水製作手工豆腐聞名，聚集多家豆腐店家，提供豆腐冰、豆花等特色小吃。,manual,2026-07-18
MLS300,尚順育樂天地,苗栗,其他,,24.6882052,120.9046566,,,4,位於苗栗頭份的大型室內娛樂園，結合運動、遊戲與親子設施，包括攀岩、卡丁車、彈跳床等多元活動，不受天氣影響。,manual,2026-07-18
MLS301,苑裡市場,苗栗,苑裡鎮,,24.4422225,120.6531295,,,4.1,熱鬧的小吃聚集地，提供多樣美味選擇。,manual,2026-07-18
MLS302,中社觀光花市,苗栗,其他,,24.3346766,120.7299995,,,4.2,位於台中后里的觀光花市，佔地廣大四季皆有不同花卉可賞，提供花卉採摘與園藝購買，是賞花拍照的熱門景點。,manual,2026-07-18
TCS303,台中國家歌劇院,台中,台中歌劇院＋彩虹眷村,,24.1337152,120.6098437,,,4.6,普立茲克獎建築，世界九大新地標,manual,2026-07-18
TCS304,分子藥局,台中,台中歌劇院＋彩虹眷村,,24.1626492,120.6403028,,,4.3,台中質感藥局咖啡，文青打卡,manual,2026-07-18
TCS305,彩虹眷村,台中,台中歌劇院＋彩虹眷村,,24.1337152,120.6098437,,,4.2,榮民爺爺彩繪眷村，國際知名打卡,manual,2026-07-18
TCS306,筏子溪迎賓廊道,台中,台中歌劇院＋彩虹眷村,,24.1304848,120.6196759,,,4,台中迎賓河濱廊道，TAICHUNG字樣,manual,2026-07-18
TCS307,望高寮夜景公園,台中,台中歌劇院＋彩虹眷村,,24.143647,120.5815564,,,4.5,台中最美夜景，俯瞰市區燈海,manual,2026-07-18
TCS308,審計新村,台中,審計新村＋草悟道,,24.1446116,120.6628411,,,,日式宿舍文創聚落，青年創業基地,manual,2026-07-18
TCS309,范特喜文創聚落,台中,審計新村＋草悟道,,24.1475509,120.6628032,,,4.2,審計新村文創聚落，手作小店,manual,2026-07-18
TCS310,草悟道,台中,審計新村＋草悟道,,24.1446116,120.6628411,,,4.4,台中市區綠園道，散步咖啡街,manual,2026-07-18
TCS311,咖波屋,台中,審計新村＋草悟道,,24.1475895,120.6674864,,,4.6,台中卡通角色主題店，咖啡波波,manual,2026-07-18
TCS312,勤美誠品綠園道,台中,審計新村＋草悟道,,24.1513049,120.6640025,,,4.4,綠建築百貨商場，誠品與植栽牆,manual,2026-07-18
TCS313,第六市場,台中,審計新村＋草悟道,,24.1557283,120.663099,,,4.3,全台首座百貨內傳統市場，文青風,manual,2026-07-18
TCS314,東海大學,台中,東海＋中央公園＋逢甲,,24.1824689,120.6025474,,,4.5,最美校園路思義教堂，牧場草原,manual,2026-07-18
TCS315,中央公園,台中,東海＋中央公園＋逢甲,,24.1790656,120.6467138,,,4.1,高雄市中心公園，城市綠洲,manual,2026-07-18
TCS316,秋紅谷廣場,台中,東海＋中央公園＋逢甲,,24.1477358,120.6736482,,,4.2,台中下凹式生態公園，夜景勝地,manual,2026-07-18
TCS317,逢甲夜市,台中,東海＋中央公園＋逢甲,,24.1477358,120.6736482,,,4.3,台中最大夜市，創意小吃發源地,manual,2026-07-18
TCS318,宮原眼科,台中,網美IG打卡,,24.1378278,120.6835552,,,4.3,紅磚建築冰淇淋店，台中必訪地標,manual,2026-07-18
TCS319,第四信用合作社,台中,網美IG打卡,,24.1390204,120.6819297,,,4.4,宮原眼科姐妹店，銀行改建冰淇淋,manual,2026-07-18
TCS320,動漫彩繪巷,台中,網美IG打卡,,24.1383507,120.6704456,,,4.1,台中動漫主題彩繪巷，二次元打卡,manual,2026-07-18
TCS321,台中文學館,台中,網美IG打卡,,24.1395915,120.6728681,,,4.4,日式建築文學館，樂群街靜謐,manual,2026-07-18
TCS322,台中刑務所,台中,網美IG打卡,,24.1343862,120.6739112,,,4.2,日治時期刑務所遺跡，歷史建築,manual,2026-07-18
TCS323,新天地西洋博物館,台中,網美IG打卡,,24.1419258,120.7016041,,,4.6,西洋古典博物館餐廳，歐風奢華,manual,2026-07-18
TCS324,柳川藍帶水岸,台中,網美IG打卡,,24.1425533,120.6770179,,,4.3,台中柳川整治水岸，藍帶步道,manual,2026-07-18
TCS325,心之芳庭,台中,台中北屯,,24.1815237,120.6861019,,,4.6,北屯MONOCOCO主題樂園，約會勝地,manual,2026-07-18
TCS326,紙箱王創意園區,台中,台中北屯,,24.1781792,120.7390568,,,4.3,北屯紙箱主題園區，親子DIY,manual,2026-07-18
TCS327,大坑情人橋,台中,台中北屯,,24.166393,120.727891,,,4.2,北坑粉色情人橋，夜景打卡,manual,2026-07-18
TCS328,一德洋樓,台中,台中北屯,,24.1659745,120.6928119,,,4.2,北屯洋樓古蹟，日式與洋風融合,manual,2026-07-18
TCS329,洲際棒球文化園區,台中,台中北屯,,24.1994288,120.6839558,,,4.7,台中洲際棒球場，看球勝地,manual,2026-07-18
TCS330,新社花海(11-12月限定),台中,新社,,24.2025387,120.8127498,,,4.2,新社花海季，季節限定花毯,manual,2026-07-18
TCS331,新社莊園古堡,台中,新社,,24.1883317,120.813076,,,4.1,新社歐式古堡莊園，城堡打卡,manual,2026-07-18
TCS332,薰衣草森林,台中,新社,,24.1291194,120.8414518,,,4.8,新社薰衣草主題園，森林咖啡,manual,2026-07-18
TCS333,沐心泉休閒農場,台中,新社,,24.1490201,120.8468663,,,4.1,新社山中農場，金針花季,manual,2026-07-18
TCS334,外埔忘憂谷,台中,外埔、梧棲、清水,,24.3084241,120.6464593,,,4.4,外埔稻田秘境，忘憂铁馬道,manual,2026-07-18
TCS335,梧棲漁港,台中,外埔、梧棲、清水,,24.2490793,120.5386546,,,3.9,清水漁港，現撈海鮮與魚市,manual,2026-07-18
TCS336,高美濕地,台中,外埔、梧棲、清水,,24.2490793,120.5386546,,,4.5,台灣最美濕地，夕陽風車絕景,manual,2026-07-18
TCS337,鳌峰山觀景平台,台中,外埔、梧棲、清水,,24.2701983,120.5841401,,,4.5,清水鳌峰山觀景台，海線夜景,manual,2026-07-18
TCS338,清水服務區,台中,外埔、梧棲、清水,,24.2490793,120.5386546,,,4.3,清水國道服務區，全台最美休息站,manual,2026-07-18
TCS339,泰安鐵道文化園區,台中,后里,,24.3226874,120.7490193,,,4.1,后里舊山線鐵道園區，鐵道遺跡,manual,2026-07-18
TCS340,泰安落羽松秘境/中社觀光花市,台中,后里,,24.3346766,120.7299995,,,4.2,后里落羽松秘境與花市，季節美景,manual,2026-07-18
TCS341,星月大地,台中,后里,,24.3334356,120.7023752,,,4.1,后里景觀餐廳，夜景與火炎山,manual,2026-07-18
TCS342,月眉糖廠,台中,后里,,24.3139756,120.6944909,,,3.8,后里百年糖廠，觀光文化園區,manual,2026-07-18
TCS343,麗寶Outlet,台中,后里,,24.3245903,120.6993847,,,4.2,后里麗寶 Outlet Mall，購物樂園,manual,2026-07-18
TCS344,后豐鐵馬道,台中,后里、豐原、東勢腳踏車,,24.3088765,120.7223705,,,4.6,后里到豐原自行車道，鐵橋隧道,manual,2026-07-18
TCS345,東豐自行車綠廊,台中,后里、豐原、東勢腳踏車,,24.2760232,120.7787988,,,4.6,東勢到豐原綠色自行車道,manual,2026-07-18
TCS346,廟東夜市,台中,后里、豐原、東勢腳踏車,,24.2511483,120.7192722,,,4.2,豐原廟東夜市，排骨酥羹必吃,manual,2026-07-18
TCS347,Dali Art藝術廣場,台中,大里＋霧峰,,24.0846306,120.6961549,,,3.7,大里藝文廣場，親子展演空間,manual,2026-07-18
TCS348,東湖公園,台中,大里＋霧峰,,24.044318,120.7350013,,,4.2,大里湖泊公園，環湖步道,manual,2026-07-18
TCS349,霧峰林家宮保第園區,台中,大里＋霧峰,,24.0630554,120.7007856,,,4.4,霧峰林家古厝，台灣唯一官宅,manual,2026-07-18
TCS350,光復新村,台中,大里＋霧峰,,24.043207,120.6951367,,,4.3,霧峰省府眷村，文創聚落,manual,2026-07-18
TCS351,921地震教育園區,台中,大里＋霧峰,,24.1046899,120.6812114,,,4.5,霧峰921地震博物館，斷層遺跡,manual,2026-07-18
TCS352,赤腳丫生態農莊,台中,其他,,24.2159314,120.6705875,,,4.5,位於台中的生態農莊，提倡赤腳親近土地的理念，提供有機農作體驗、生態導覽與農村料理，感受純樸的田園生活。,manual,2026-07-18
TCS353,新社莊園,台中,其他,,24.1880699,120.8133518,,,4.1,位於台中新社的歐式庭園餐廳，以古堡建築與花園造景聞名，有台灣小歐洲之稱，提供下午茶與浪漫拍照場景。,manual,2026-07-18
TCS354,大坑風景區,台中,其他,,24.180193,120.733698,,,4.3,位於台中市北屯區的風景區，擁有多條登山步道與溫泉資源，是台中市民最親近的登山健行與泡湯去處。,manual,2026-07-18
TCS355,秋紅谷景觀生態公園,台中,其他,,24.1679684,120.639055,,,4.2,位於台中市區的凹型生態公園，原為停工工地改建，結合滯洪池與景觀設計，成為都市中的綠洲與夜景勝地。,manual,2026-07-18
TCS356,臺中公園,台中,其他,,24.1448185,120.6844762,,,4.2,台中市歷史最悠久的公園，建於日治時期，園內有日月湖、湖心亭與歷史古蹟，是台中市的地標與市民休閒中心。,manual,2026-07-18
TCS357,柳川水岸景觀步道,台中,其他,,24.1425521,120.6770216,,,4.2,台中市區柳川整治後的水岸步道，結合親水設施與藝術裝置，夜間灯光點綴下成為市區散步與打卡的浪漫景點。,manual,2026-07-18
TCS358,薰衣草森林台中新社店,台中,其他,,24.1291194,120.8414518,,,4.8,位於台中新社的薰衣草主題園區，以紫色花海與森林步道聞名，提供香草餐飲與手作體驗，充滿童話般的浪漫氛圍。,manual,2026-07-18
TCS359,教父海鮮市場,台中,其他,,24.1441867,120.6257454,,,4.9,"精緻海鮮料理, 超人氣的海味天堂",manual,2026-07-18
TCS360,Mula Kitchens中科美食商場,台中,西屯,,24.1917412,120.6131587,,,4.5,提供美味中式和台菜，是當地的美食聚集地。,manual,2026-07-18
TCS361,霧峰公有市場,台中,霧峰,,24.0657109,120.6989586,,,4.2,各式小吃應有盡有，是當地居民的美食天堂，值得一試。,manual,2026-07-18
TCS362,臺中市第三公有零售市場,台中,南區,,24.1331583,120.6830965,,,4.1,匯集各類攤商的傳統市場，販售服飾、鞋款、家居用品和水餃等在地街頭小吃。,manual,2026-07-18
NT2S363,朝霧碼頭,南投,日月潭,,23.8677654,120.9161911,,,4.4,日月潭朝霧碼頭，晨霧湖景最美,manual,2026-07-18
NT2S364,向山遊客中心,南投,日月潭,,23.8520298,120.9022521,,,4.5,日月潭建築地標，清水模湖景,manual,2026-07-18
NT2S365,水社碼頭,南投,日月潭,,23.8645269,120.9117702,,,4.4,日月潭水社碼頭，搭船遊湖起點,manual,2026-07-18
NT2S366,文武廟,南投,日月潭,,23.8699678,120.9275511,,,4.6,日月潭最大廟宇，年階梯拍照,manual,2026-07-18
NT2S367,九蛙疊像,南投,日月潭,,23.8588078,120.9356872,,,4.5,日月潭九蛙疊像，水位指標地標,manual,2026-07-18
NT2S368,伊達邵碼頭,南投,日月潭,,23.84974,120.92967,,,4.4,日月潭伊達邵商圈，原民美食,manual,2026-07-18
NT2S369,慈恩塔,南投,日月潭,,23.8420255,120.9208406,,,4.6,日月潭慈恩塔，制高點俯瞰湖景,manual,2026-07-18
NT2S370,玄光寺,南投,日月潭,,23.8520961,120.9136026,,,4.3,日月潭玄光寺，玄光寺碼頭阿婆茶葉蛋,manual,2026-07-18
NT2S371,喝喝茶,南投,日月潭,,23.8961935,120.9337775,,,4.7,日月潭喝喝茶，茶業體驗觀光工廠,manual,2026-07-18
NT2S372,清境農場,南投,清境,,24.0544312,121.1612645,,,4.4,高山農場，綿羊秀與青青草原,manual,2026-07-18
NT2S373,清境天空步道,南投,清境,,24.0550979,121.1622865,,,4.3,清境觀景步道，無障礙高空賞景,manual,2026-07-18
NT2S374,小瑞士花園,南投,清境,,24.0440446,121.1563945,,,4,清境歐風花園，四季花海,manual,2026-07-18
NT2S375,夢谷瀑布,南投,清境,,24.0220687,121.0860548,,,4.1,埔里夢谷瀑布步道，清涼消暑,manual,2026-07-18
NT2S376,寶湖宮天地堂地母廟,南投,埔里鎮,,23.9514518,120.9894656,,,4.8,埔里地母廟，全台最大地母信仰中心,manual,2026-07-18
NT2S377,元首館,南投,埔里鎮,,23.9701333,120.9267949,,,3.8,埔里元首館，觀光工廠伴手禮,manual,2026-07-18
NT2S378,埔里酒廠,南投,埔里鎮,,23.9932872,120.9646866,,,4.4,埔里紹興酒廠，酒文物館,manual,2026-07-18
NT2S379,妮娜巧克力夢想城堡,南投,埔里鎮,,23.9433221,120.9295109,,,4.4,埔里歐風巧克力城堡，DIY體驗,manual,2026-07-18
NT2S380,紙教堂,南投,埔里鎮,,23.9413807,120.9270419,,,3.8,埔里紙教堂，桃米生態村,manual,2026-07-18
NT2S381,鳳凰谷鳥園,南投,溪頭,,23.6722621,120.7982029,,,4.4,鹿谷鳥園生態園區，親子賞鳥,manual,2026-07-18
NT2S382,溪頭自然教育園區,南投,溪頭,,23.6745178,120.7972515,,,4.5,杉林溪森林遊樂區，大學池空中走廊,manual,2026-07-18
NT2S383,妖怪村,南投,溪頭,,23.6776428,120.7937001,,,3.9,溪頭日式妖怪主題村，拍照打卡,manual,2026-07-18
NT2S384,杉林溪森林遊樂區,南投,杉林溪,,23.6368442,120.7949225,,,4.7,高山森林遊樂區，花卉與瀑布,manual,2026-07-18
NT2S385,忘憂森林,南投,杉林溪,,23.6486581,120.7949528,,,4.6,杉林溪枯木湖泊秘境，霧氣繚繞,manual,2026-07-18
NT2S386,中寮石龍宮,南投,南投市、中寮,,23.9237066,120.7386318,,,4.6,中寮石龍宮，山中寺廟秘境,manual,2026-07-18
NT2S387,中興新村,南投,南投市、中寮,,23.955234,120.687352,,,,台灣省政府所在地，省府宿舍群,manual,2026-07-18
NT2S388,微熱山丘三合院,南投,南投市、中寮,,23.9337175,120.6380355,,,4.2,南投微熱山丘本店，鳳梨酥發源地,manual,2026-07-18
NT2S389,猴探井天空之橋,南投,南投市、中寮,,23.9084478,120.6315992,,,3.8,南投天空之橋，猴探井賞景,manual,2026-07-18
NT2S390,星月天空景觀餐廳,南投,南投市、中寮,,23.9105555,120.6305281,,,4.6,南投景觀餐廳，夜景與動物互動,manual,2026-07-18
NT2S391,車埕木業展示館,南投,集集、車埕,,23.833482,120.865801,,,4.3,車埕木業館，林業歷史展示,manual,2026-07-18
NT2S392,車埕火車站,南投,集集、車埕,,23.83263,120.86574,,,4.5,水里車埕木造車站，林業遺跡,manual,2026-07-18
NT2S393,集集綠色隧道,南投,集集、車埕,,23.8307496,120.7583469,,,4.4,古坑綠色隧道，自行車道與咖啡,manual,2026-07-18
NT2S394,集集火車站,南投,集集、車埕,,23.83263,120.86574,,,4.2,集集線最重要車站，鐵道觀光起點,manual,2026-07-18
NT2S395,明新書院,南投,集集、車埕,,23.8275265,120.7995356,,,4.1,集集三級古蹟書院，清代建築,manual,2026-07-18
NT2S396,集元果觀光工廠,南投,集集、車埕,,23.8250823,120.8142366,,,4.2,集集山蕉觀光工廠，香蕉DIY,manual,2026-07-18
NT2S397,雙龍瀑布七彩吊橋,南投,信義賞梅,,23.7767852,120.9504481,,,4.4,信義雙龍瀑布，七彩吊橋秘境,manual,2026-07-18
NT2S398,梅子夢工廠,南投,信義賞梅,,23.6886867,120.8615274,,,4.2,信義梅子夢工廠，梅子DIY體驗,manual,2026-07-18
NT2S399,風櫃斗,南投,信義賞梅,,23.6688705,120.8564442,,,4.2,馬公風櫃漁港，聽濤勝地,manual,2026-07-18
NT2S400,柳家梅園,南投,信義賞梅,,23.7945738,120.9449314,,,4.3,信義柳家梅園，冬季梅花秘境,manual,2026-07-18
NT2S401,半山夢工廠,南投,其他,,23.9175046,120.6561671,,,4.5,位於南投的觀光工廠，以台灣在地產業為主題，提供多種DIY體驗與互動展示，是寓教於樂的親子景點。,manual,2026-07-18
NT2S402,大觀市場,南投,草屯鎮,,23.9829409,120.6834868,,,4.2,豐富的小吃選擇，讓每位食客都能找到心頭好。,manual,2026-07-18
NT2S403,南投市黃昏市場,南投,南投市,,23.9066073,120.6894245,,,4.2,夜市美食琳瑯滿目，吸引食客們前來品嚐。,manual,2026-07-18
NT2S404,中興新村第三市場,南投,其他,,23.9448852,120.6967239,,,4.1,當地特色美食聚集地，琳瑯滿目的台灣小吃等你來發掘。,manual,2026-07-18
NT2S405,南投市場,南投,南投市,,23.9090449,120.6853829,,,4,地道小吃聚集地，各種美味等你來品嚐。,manual,2026-07-18
CHS406,今夜星辰休閒農場,彰化,彰化市,,24.0521554,120.6064615,,,4.6,彰化休閒農場，親子同樂好去處,manual,2026-07-18
CHS407,扇形車庫,彰化,彰化市,,24.085948,120.540171,,,4.5,全台唯一扇形車庫，鐵道迷朝聖,manual,2026-07-18
CHS408,八卦山大佛,彰化,彰化市,,24.0781885,120.5488482,,,4.3,彰化地標大佛，觀景台俯瞰市區,manual,2026-07-18
CHS409,八卦山天空步道,彰化,彰化市,,24.0782765,120.5496666,,,,全台最長天空步道，八卦山賞景,manual,2026-07-18
CHS410,精誠夜市,彰化,彰化市,,24.0726548,120.52671,,,4.4,彰化精誠夜市，在地人愛逛夜市,manual,2026-07-18
CHS411,鹿港天后宮,彰化,鹿港鎮,,24.0593071,120.4314407,,,4.6,台灣最早媽祖廟之一，三級古蹟,manual,2026-07-18
CHS412,鹿港老街,彰化,鹿港鎮,,24.056301,120.4325817,,,4.5,台灣最完整清代老街，古蹟與美食,manual,2026-07-18
CHS413,桂花巷藝術村,彰化,鹿港鎮,,24.0558539,120.4319281,,,4.4,芬園桂花巷藝術村，文創聚落,manual,2026-07-18
CHS414,龍山寺,彰化,鹿港鎮,,24.0503935,120.4349529,,,4.7,台北最古老寺廟，國定古蹟信仰中心,manual,2026-07-18
CHS415,台灣玻璃館,彰化,鹿港鎮,,24.0686745,120.3949106,,,4.1,鹿港玻璃館，玻璃藝術展示,manual,2026-07-18
CHS416,玻璃媽祖廟,彰化,鹿港鎮,,24.0691877,120.3947612,,,4.4,鹿港玻璃廟，世界唯一玻璃媽祖,manual,2026-07-18
CHS417,琉璃仙境,彰化,員林市,,23.9415579,120.5807461,,,4.5,彰化琉璃景觀餐廳，歐風打卡,manual,2026-07-18
CHS418,百果山探索樂園,彰化,員林市,,23.9459152,120.6050576,,,4,員林親子樂園，溜滑梯與步道,manual,2026-07-18
CHS419,百果山溜滑梯,彰化,員林市,,23.9483319,120.6075313,,,3.9,員林百果山溜滑梯，親子必玩,manual,2026-07-18
CHS420,雲河星空景觀餐廳,彰化,員林市,,23.9320628,120.6200084,,,4.6,彰化景觀餐廳，星空夜景勝地,manual,2026-07-18
CHS421,成美文化園,彰化,永靖、社頭,,23.9201464,120.5481705,,,4.4,永靖成美文化園，百年古厝庭園,manual,2026-07-18
CHS422,清水岩森林遊樂區,彰化,永靖、社頭,,23.8851605,120.6136601,,,4.2,社頭清水岩森林步道，登山健行,manual,2026-07-18
CHS423,銀河鐵道望景餐廳,彰化,永靖、社頭,,23.9329987,120.6159883,,,4.4,彰化鐵道景觀餐廳，看火車夕陽,manual,2026-07-18
CHS424,溪湖糖廠,彰化,溪湖、芳苑,,23.9515531,120.4807772,,,4.2,溪湖百年糖廠，五分車體驗,manual,2026-07-18
CHS425,王功燈塔,彰化,溪湖、芳苑,,23.9711299,120.3241636,,,4.2,芳苑王功燈塔，海邊地標打卡,manual,2026-07-18
CHS426,王功漁港,彰化,溪湖、芳苑,,23.96874260581748,120.3248119694252,,,4.2,芳苑王功漁港，燈塔與蚵仔,manual,2026-07-18
CHS427,芳苑海空步道,彰化,溪湖、芳苑,,23.9313794,120.314798,,,,芳苑紅樹林海空步道，濕地生態,manual,2026-07-18
CHS428,漢寶濕地,彰化,溪湖、芳苑,,24.0311587,120.3675577,,,4.3,芳苑漢寶濕地，候鳥與潮間帶,manual,2026-07-18
CHS429,田尾鳳凰花園,彰化,田尾公路花園,,23.9069924,120.5275523,,,4.5,田尾花卉觀光農場，花海打卡,manual,2026-07-18
CHS430,農村仙人掌園,彰化,田尾公路花園,,23.905841,120.530028,,,4.3,彰化仙人掌園區，多肉植物體驗,manual,2026-07-18
CHS431,菁芳園,彰化,田尾公路花園,,23.8960062,120.5317669,,,4.1,田尾菁芳園，落羽松與餐廳,manual,2026-07-18
CHS432,綠果庭院,彰化,田尾公路花園,,23.9067804,120.5359853,,,4.8,彰化綠果庭院咖啡，文青餐廳,manual,2026-07-18
CHS433,董家花田,彰化,田尾公路花園,,23.8960062,120.5317669,,,4.6,彰化花田景觀，季節限定花海,manual,2026-07-18
CHS434,台灣優格餅乾學院,彰化,線西、和美、秀水,,24.1260481,120.4662514,,,4.4,彰化餅乾觀光工廠，DIY體驗,manual,2026-07-18
CHS435,興麥蛋捲烘焙王國,彰化,線西、和美、秀水,,24.1272404,120.4721725,,,4.6,彰化蛋捲觀光工廠，烘焙DIY,manual,2026-07-18
CHS436,卡里善之樹,彰化,線西、和美、秀水,,24.121947,120.518536,,,4,和美卡里善之樹，彩虹傘裝置藝術,manual,2026-07-18
CHS437,水銡利廚衛生活村,彰化,線西、和美、秀水,,24.0034133,120.5035858,,,4.3,彰化水銡利觀光工廠，衛浴文化,manual,2026-07-18
CHS438,台灣穀堡,彰化,埤頭、溪州、北斗、田中,,23.869704,120.4597692,,,4.6,埤頭台灣穀堡，稻米觀光工廠,manual,2026-07-18
CHS439,愛玩色創意館,彰化,埤頭、溪州、北斗、田中,,23.8907519,120.5092095,,,4.7,彰化色彩創意館，親子DIY,manual,2026-07-18
CHS440,小田生活mmm,彰化,埤頭、溪州、北斗、田中,,23.8769292,120.56,,,4.4,彰化日式宿舍文創空間，質感選物,manual,2026-07-18
CHS441,溪州公園,彰化,埤頭、溪州、北斗、田中,,23.8411266,120.4980004,,,4.2,溪州花博公園，花海與綠地,manual,2026-07-18
CHS442,臺灣玻璃館(煉功坊口吹玻璃體驗為假日限定),彰化,其他,,24.0686745,120.3949106,,,4.1,位於彰化鹿港的玻璃博物館，展示各式精美玻璃藝術品，假日提供口吹玻璃DIY體驗，讓遊客親身感受玻璃工藝之美。,manual,2026-07-18
CHS443,八卦山,彰化,其他,,24.0789047,120.5504199,,,4.2,位於彰化市東郊的低緩山峰，為八卦台地北端最高點，擁有廣闊的視野可俯瞰彰化市區，是當地著名的賞景與登山去處。,manual,2026-07-18
CHS444,八卦山大佛風景區,彰化,其他,,24.0784879,120.5488211,,,4.3,彰化最具代表性的地標之一，以高達23公尺的釋迦牟尼大佛坐像聞名，風景區內還有九龍池、八卦山抗日保台史蹟館等景點，可俯瞰彰化市區全景。,manual,2026-07-18
CHS445,員農黃昏市場,彰化,員林市,,23.9572335,120.5820808,,,4.2,適合晚餐的黃昏市場，特色小吃吸引眾多饕客光臨。,manual,2026-07-18
CHS446,鹿港鎮第一公有零售市場,彰化,鹿港鎮,,24.0542374,120.4340897,,,4.1,"繽紛小吃攤位琳瑯滿目, 讓人流連忘返。",manual,2026-07-18
CHS447,員林第一市場,彰化,員林市,,23.9563331,120.5734787,,,4.1,人氣小吃集中地，提供多樣的傳統美食，吸引食客光顧。,manual,2026-07-18
CHS448,華成市場,彰化,員林市,,23.964349,120.5738733,,,4,美味小吃琳瑯滿目，受歡迎的夜市聚集地，讓人流連忘返。,manual,2026-07-18
CHS449,大田中黃昏市場,彰化,田中鎮,,23.8567832,120.5814887,,,4,"黃昏市場經典小吃, 受歡迎的小吃選擇，讓人流連忘返",manual,2026-07-18
CHS450,和美菜市場,彰化,和美鎮,,24.1106225,120.4977257,,,4,夜市小吃，地道美味吸引食客光臨。,manual,2026-07-18
YL2S451,斗六火車站,雲林,斗六老街文創,,23.711922,120.5410043,,,4.1,斗六車站，雲林交通樞紐,manual,2026-07-18
YL2S452,太平老街,雲林,斗六老街文創,,23.7085092,120.5418364,,,4.1,斗六太平老街，百年街屋與美食,manual,2026-07-18
YL2S453,行啟紀念館,雲林,斗六老街文創,,23.7056811,120.5419024,,,4.2,斗六日治建築，文創展覽,manual,2026-07-18
YL2S454,雲中街文創聚落,雲林,斗六老街文創,,23.7087884,120.5397954,,,4,斗六雲中街文創聚落，日式宿舍,manual,2026-07-18
YL2S455,鵝媽媽鵝童樂園,雲林,斗六老街文創,,23.6808545,120.5523373,,,4.1,雲林親子鵝主題樂園，餵鵝體驗,manual,2026-07-18
YL2S456,斗六觀光夜市,雲林,斗六老街文創,,23.695504,120.5431043,,,4.4,斗六觀光夜市，在地人最愛,manual,2026-07-18
YL2S457,虎尾合同廳舍,雲林,虎尾昭和古都,,23.7092064,120.4339129,,,4.4,虎尾合同廳舍，日治古蹟建築,manual,2026-07-18
YL2S458,雲林故事館,雲林,虎尾昭和古都,,23.7091456,120.4327881,,,4.3,虎尾故事館，日式建築說故事,manual,2026-07-18
YL2S459,雲林布袋戲館,雲林,虎尾昭和古都,,23.709297,120.4335627,,,4.2,虎尾布袋戲館，布袋戲文化展示,manual,2026-07-18
YL2S460,虎尾糖廠,雲林,虎尾昭和古都,,23.703487,120.4387549,,,4.1,虎尾百年糖廠，五分車與冰品,manual,2026-07-18
YL2S461,虎尾鐵橋與同心公園,雲林,虎尾昭和古都,,23.7029119,120.4362987,,,4.2,虎尾鐵橋，日治鐵道與公園,manual,2026-07-18
YL2S462,興隆毛巾觀光工廠,雲林,虎尾昭和古都,,23.724982,120.4431645,,,4.2,虎尾毛巾觀光工廠，毛巾DIY,manual,2026-07-18
YL2S463,北港朝天宮,雲林,北港媽祖文化巡禮,,23.5681177,120.3046998,,,4.7,雲林最知名媽祖廟，國定古蹟,manual,2026-07-18
YL2S464,北港老街,雲林,北港媽祖文化巡禮,,23.564311,120.3039626,,,4.3,北港朝天宮老街，傳統美食伴手禮,manual,2026-07-18
YL2S465,北港武德宮,雲林,北港媽祖文化巡禮,,23.5810284,120.2991433,,,4.7,北港武德宮財神廟，財神信仰,manual,2026-07-18
YL2S466,北港觀光大橋,雲林,北港媽祖文化巡禮,,23.5634145,120.3038412,,,,北港大橋，新港交界的景觀橋,manual,2026-07-18
YL2S467,北港星巴克(百年古蹟),雲林,北港媽祖文化巡禮,,23.5713117,120.3000277,,,4.4,北港古蹟星巴克，百年建築喝咖啡,manual,2026-07-18
YL2S468,古坑綠色隧道市集,雲林,古坑咖啡山城慢旅,,23.659291,120.5409846,,,4.3,古坑綠色隧道，自行車道與咖啡,manual,2026-07-18
YL2S469,蜜蜂故事館,雲林,古坑咖啡山城慢旅,,23.658601,120.540373,,,4.1,古坑蜜蜂故事館，蜂蜜觀光工廠,manual,2026-07-18
YL2S470,蘿莎玫瑰山莊,雲林,古坑咖啡山城慢旅,,23.611875,120.5704779,,,4,古坑玫瑰山莊，花卉景觀餐廳,manual,2026-07-18
YL2S471,福祿壽觀光酒廠,雲林,古坑咖啡山城慢旅,,23.640383,120.560074,,,4.6,古坑酒廠觀光，高粱酒DIY,manual,2026-07-18
YL2S472,古坑地母廟,雲林,古坑咖啡山城慢旅,,23.6539825,120.5913978,,,4.5,古坑地母廟，道教信仰中心,manual,2026-07-18
YL2S473,萬年峽谷,雲林,古坑咖啡山城慢旅,,23.6024363,120.6679185,,,4.3,草嶺峽谷地形，岩層裸露奇景,manual,2026-07-18
YL2S474,華山咖啡大街,雲林,古坑咖啡山城慢旅,,23.59485,120.598114,,,4.1,古坑華山咖啡區，景觀咖啡一條街,manual,2026-07-18
YL2S475,西螺大橋,雲林,西螺醬香老街,,23.8103145,120.460342,,,,西螺紅色大橋地標，遠東第一大橋,manual,2026-07-18
YL2S476,西螺延平老街,雲林,西螺醬香老街,,23.8014431,120.4619038,,,4.2,西螺老街，巴洛克建築與醬油,manual,2026-07-18
YL2S477,丸莊醬油觀光工廠,雲林,西螺醬香老街,,23.8024272,120.4637897,,,4.3,西螺丸莊醬油，百年醬油DIY,manual,2026-07-18
YL2S478,瑞春醬油觀光工廠,雲林,西螺醬香老街,,23.7879324,120.4300431,,,4.7,西螺瑞春醬油，醬油觀光導覽,manual,2026-07-18
YL2S479,福興宮太平媽,雲林,西螺醬香老街,,23.8016276,120.4605212,,,4.6,阿里山太平社區，梯田與茶園,manual,2026-07-18
YL2S480,西螺大橋蝴蝶公園,雲林,西螺醬香老街,,23.805661,120.4598995,,,4.3,西螺紅色大橋地標，遠東第一大橋,manual,2026-07-18
YL2S481,埤頭繪本公園,雲林,西螺醬香老街,,23.7740133,120.4781181,,,4.1,埤頭繪本公園，親子閱讀空間,manual,2026-07-18
YL2S482,口湖遊客中心,雲林,口湖成龍濕地海線秘境,,23.5560975,120.1644187,,,4.1,口湖遊客中心，濕地生態導覽,manual,2026-07-18
YL2S483,成龍濕地,雲林,口湖成龍濕地海線秘境,,23.5560975,120.1644187,,,4.1,口湖成龍濕地，國際藝術裝置,manual,2026-07-18
YL2S484,椬梧滯洪池(雲林小日月潭),雲林,口湖成龍濕地海線秘境,,23.5560975,120.1644187,,,4.3,台灣最大湖泊，國際級湖光山色,manual,2026-07-18
YL2S485,馬蹄蛤主題館,雲林,口湖成龍濕地海線秘境,,23.5560975,120.1644187,,,4,口湖馬蹄蛤主題館，水產養殖體驗,manual,2026-07-18
YL2S486,好蝦冏男社,雲林,口湖成龍濕地海線秘境,,23.5336892,120.2032433,,,4.4,口湖好蝦冏男社，白蝦養殖體驗,manual,2026-07-18
YL2S487,梧北社區鐵花窗,雲林,口湖成龍濕地海線秘境,,23.5493211,120.1897829,,,4.4,口湖梧北社區，鐵花窗藝術村,manual,2026-07-18
YL2S488,麥寮拱範宮,雲林,麥寮海線人文,,23.7482552,120.2555916,,,4.8,麥寮四百年媽祖廟，國定古蹟,manual,2026-07-18
YL2S489,麥寮早市,雲林,麥寮海線人文,,23.7479354,120.2535789,,,4.1,麥寮早市，在地傳統市場,manual,2026-07-18
YL2S490,新吉村鴨母寮紙漿藝術村,雲林,麥寮海線人文,,23.8044113,120.2759462,,,4.1,麥寮紙漿藝術村，社區營造,manual,2026-07-18
YL2S491,土庫驛可可莊園,雲林,土庫老街可可莊園,,23.6751901,120.3986072,,,4.2,土庫老街，醬油與美食,manual,2026-07-18
YL2S492,土庫順天宮,雲林,土庫老街可可莊園,,23.6764379,120.390708,,,4.7,土庫老街，醬油與美食,manual,2026-07-18
YL2S493,土庫庄役場,雲林,土庫老街可可莊園,,23.6779572,120.3924463,,,4,土庫日治庄役場，歷史建築,manual,2026-07-18
YL2S494,源順芝麻觀光油廠,雲林,土庫老街可可莊園,,23.6722395,120.3953157,,,4.3,西螺芝麻觀光油廠，芝麻油DIY,manual,2026-07-18
YL2S495,金茂利鐘錶咖啡,雲林,土庫老街可可莊園,,23.676958,120.391057,,,4.8,西螺鐘錶咖啡館，復古工藝,manual,2026-07-18
YL2S496,怪人花枝鱔魚麵,雲林,土庫老街可可莊園,,23.6762852,120.3906106,,,4,北港花枝鱔魚麵，在地人氣麵店,manual,2026-07-18
YL2S497,農田水利文物陳列館,雲林,林內自然生態,,23.7804346,120.6156979,,,4,林內水利文物館，水利歷史展示,manual,2026-07-18
YL2S498,龍過脈森林步道,雲林,林內自然生態,,23.752307,120.620771,,,4.5,林內龍過脈步道，森林與巨木,manual,2026-07-18
YL2S499,林內紫斑蝶生態區,雲林,林內自然生態,,23.7561438,120.6132353,,,4.2,林內八色鳥生態區，賞鳥勝地,manual,2026-07-18
YL2S500,寶隆紙蝶生態地景園區,雲林,林內自然生態,,23.7628889,120.613091,,,4.2,林內紙蝶園區，紙廠生態轉型,manual,2026-07-18
YL2S501,林內市區美食(肉羹/鵝肉),雲林,林內自然生態,,23.7618842,120.6084832,,,4.3,林內八色鳥生態區，賞鳥勝地,manual,2026-07-18
YL2S502,黃金蝙蝠生態館,雲林,水林蕃薯原鄉,,23.620801,120.2612908,,,4.6,水林黃金蝙蝠館，生態保育教育,manual,2026-07-18
YL2S503,顏思齊故事館,雲林,水林蕃薯原鄉,,23.5734095,120.25532,,,3.9,北港顏思齊故事館，開台歷史,manual,2026-07-18
YL2S504,冠弦吉他樂器社,雲林,水林蕃薯原鄉,,23.5105964,120.2242398,,,4.8,台西冠弦吉他，手工吉他製作,manual,2026-07-18
YL2S505,水林黃豆甘蔗(甘蔗檸檬),雲林,水林蕃薯原鄉,,23.5717075,120.2417468,,,4.6,水林蕃薯產地，黃金地瓜,manual,2026-07-18
YL2S506,海口故事屋,雲林,台西海口漁村,,23.7092033,120.4313373,,,4.4,台西海口故事屋，海邊文創空間,manual,2026-07-18
YL2S507,五條港安西府,雲林,台西海口漁村,,23.7179172,120.2003039,,,4.5,台西五條港安西府，張府千歲信仰,manual,2026-07-18
YL2S508,夢幻沙灘,雲林,台西海口漁村,,23.7396756,120.1756239,,,3.9,口湖夢幻沙灘，海邊夕陽秘境,manual,2026-07-18
YL2S509,台西海園海螺圓環,雲林,台西海口漁村,,23.72141,120.1736484,,,4,台西海園觀光區，濕地生態,manual,2026-07-18
YL2S510,港口味餐廳,雲林,台西海口漁村,,23.7167544,120.2015444,,,3.8,口湖港口味餐廳，海鮮風味料理,manual,2026-07-18
YL2S511,褒忠五年千歲祖廟(馬鳴山鎮安宮),雲林,褒忠花鼓之鄉,,23.6999295,120.2782851,,,4.6,褒忠馬鳴山鎮安宮，五年大科,manual,2026-07-18
YL2S512,五年千歲公園,雲林,褒忠花鼓之鄉,,23.6988507,120.2774771,,,4.5,褒忠馬鳴山五年千歲公園，王爺信仰,manual,2026-07-18
YL2S513,鄧麗君出生地園區,雲林,褒忠花鼓之鄉,,23.7199261,120.3119236,,,4.2,褒忠鄧麗君出生地，紀念文化園區,manual,2026-07-18
YL2S514,褒忠老街,雲林,褒忠花鼓之鄉,,23.6944368,120.3103204,,,4,褒忠馬鳴山鎮安宮，五年大科,manual,2026-07-18
YL2S515,北港老街(鴨肉飯/麵線糊),雲林,北港虎尾經典文化,,23.564311,120.3039626,,,4.3,北港朝天宮老街，傳統美食伴手禮,manual,2026-07-18
YL2S516,北港武德宮財神咖啡館,雲林,北港虎尾經典文化,,23.5810284,120.2991433,,,4.2,北港武德宮財神廟，財神信仰,manual,2026-07-18
YL2S517,虎尾合同廳舍星巴克,雲林,北港虎尾經典文化,,23.7092064,120.4339129,,,4.4,虎尾合同廳舍星巴克，古蹟咖啡,manual,2026-07-18
YL2S518,虎尾糖廠枝仔冰,雲林,北港虎尾經典文化,,23.703487,120.4387549,,,4,虎尾糖廠冰品，古早味枝仔冰,manual,2026-07-18
YL2S519,古坑綠色隧道,雲林,斗六古坑咖啡山林,,23.659291,120.5409846,,,4.3,古坑綠色隧道，自行車道與咖啡,manual,2026-07-18
YL2S520,荷苞山桐花公園,雲林,斗六古坑咖啡山林,,23.66405,120.58694,,,4.3,古坑咖啡產區，咖啡體驗,manual,2026-07-18
YL2S521,雅聞峇里海岸觀光工廠,雲林,其他,,23.7297802,120.5695953,,,4.1,位於雲林的峇里島風格觀光工廠，展示保養品研發過程並提供DIY體驗，園區以熱帶南洋風格打造，彷如迷你峇里島。,manual,2026-07-18
YL2S522,澄霖沉香味道森林館,雲林,其他,,23.7297082,120.4960074,,,4.1,位於雲林的沉香主題館，展示沉香文化與各種沉香製品，提供品香體驗與沉香手作，在靜謐的森林氛圍中感受沉香之美。,manual,2026-07-18
YL2S523,古坑綠色隧道公園,雲林,其他,,23.659291,120.5409846,,,4.3,位於雲林古坑的綠色隧道，兩旁種植芒果樹形成綠色拱門，提供自行車漫遊與咖啡品嚐，是享受田園風光的悠閒景點。,manual,2026-07-18
YL2S524,虎尾黃昏市場,雲林,虎尾鎮,,23.7075042,120.4271745,,,4.2,人氣小吃與新鮮食材，讓你流連忘返。,manual,2026-07-18
CYS525,森林之歌,嘉義,嘉義市,,23.486649,120.448254,,,4.2,嘉義森林之歌，阿里山木材藝術裝置,manual,2026-07-18
CYS526,阿里山森林鐵路車庫園區,嘉義,嘉義市,,23.4863428,120.4512608,,,4.3,國際級森林遊樂區，日出雲海神木,manual,2026-07-18
CYS527,檜意森活村,嘉義,嘉義市,,23.4856377,120.454812,,,4.3,嘉義日式檜木建築群，全台最大,manual,2026-07-18
CYS528,昭和十八J18,嘉義,嘉義市,,23.4810872,120.4675134,,,4.3,嘉義昭和十八，日式宿舍文創空間,manual,2026-07-18
CYS529,嘉義公園,嘉義,嘉義市,,23.4833299,120.4652307,,,4.4,嘉義百年公園，射日塔與孔廟,manual,2026-07-18
CYS530,愛木村地方文化館,嘉義,嘉義市,,23.5019804,120.4384804,,,4.6,嘉義愛木村，木材產業文化館,manual,2026-07-18
CYS531,幸福山丘,嘉義,嘉義市,,23.4992419,120.4779707,,,4.3,嘉義幸福山丘，景觀咖啡與裝置藝術,manual,2026-07-18
CYS532,新嘉大昆蟲館,嘉義,嘉義市,,23.4633028,120.4816705,,,4.4,嘉義大學昆蟲館，昆蟲標本展示,manual,2026-07-18
CYS533,蘭潭風景特定區,嘉義,嘉義市,,23.4664382,120.4792412,,,4.1,嘉義市後花園湖泊，月影潭心,manual,2026-07-18
CYS534,阿里山國家森林遊樂區,嘉義,阿里山鄉,,23.5109539,120.8034992,,,4.6,國際級森林遊樂區，日出雲海神木,manual,2026-07-18
CYS535,二萬坪風景區,嘉義,阿里山鄉,,23.5085359,120.790734,,,4.5,阿里山二萬坪，森林步道與觀景,manual,2026-07-18
CYS536,迷糊步道,嘉義,阿里山鄉,,23.4718923,120.7141045,,,4.3,阿里山迷糊步道，竹林溪流秘境,manual,2026-07-18
CYS537,隙頂二延平步道,嘉義,阿里山鄉,,23.4243264,120.6527138,,,4.7,阿里山茶區景觀步道，雲海茶園,manual,2026-07-18
CYS538,達娜伊谷自然生態公園,嘉義,阿里山鄉,,23.3788726,120.6779253,,,4.2,阿里山鄒族生態園區，溪流保護,manual,2026-07-18
CYS539,天長地久橋,嘉義,阿里山鄉,,23.4354677,120.7809676,,,4,番路天長地久橋，情人橋打卡地標,manual,2026-07-18
CYS540,逐鹿傳說梅花鹿園,嘉義,阿里山鄉,,23.4470987,120.5855452,,,4.3,番路逐鹿社區，梅花鹿互動體驗,manual,2026-07-18
CYS541,旺萊山愛情大草原,嘉義,阿里山鄉,,23.4423879,120.5909338,,,4.2,民雄旺萊山，鳳梨主題觀光農場,manual,2026-07-18
CYS542,阿將的家,嘉義,奮起湖,,23.4612219,120.6980397,,,4.3,阿里山阿將的家，原民風味咖啡,manual,2026-07-18
CYS543,優遊吧斯鄒族文化部落,嘉義,奮起湖,,23.4626952,120.6988464,,,4.5,阿里山優遊吧斯，鄒族文化園區,manual,2026-07-18
CYS544,石棹步道群,嘉義,奮起湖,,23.4730855,120.6972995,,,4.3,阿里山茶產區，焙茶體驗,manual,2026-07-18
CYS545,奮起湖老街,嘉義,奮起湖,,23.5051199,120.6949355,,,4.2,阿里山奮起湖老街，便當與愛玉,manual,2026-07-18
CYS546,太平雲梯,嘉義,梅山鄉,,23.5595469,120.6001357,,,4.3,阿里山太平社區，梯田與茶園,manual,2026-07-18
CYS547,太平老街,嘉義,梅山鄉,,23.5605286,120.6030455,,,4.2,斗六太平老街，百年街屋與美食,manual,2026-07-18
CYS548,空氣圖書館,嘉義,梅山鄉,,23.5603506,120.6017443,,,4.2,阿里山空氣圖書館，海拔最高書店,manual,2026-07-18
CYS549,龍王金殿,嘉義,梅山鄉,,23.5535417,120.6286691,,,4.2,阿里山龍王金殿，山林寺廟秘境,manual,2026-07-18
CYS550,太興岩步道,嘉義,梅山鄉,,23.5364431,120.6352684,,,4.3,梅山太興岩步道，茶園與杉林,manual,2026-07-18
CYS551,圓潭自然生態園區,嘉義,梅山鄉,,23.5289436,120.6593311,,,4.4,梅山圓潭生態園區，瀑布步道,manual,2026-07-18
CYS552,嘉義觀音瀑布,嘉義,竹崎、番路、中埔,,23.5097256,120.6016808,,,4.3,竹崎觀音瀑布，清涼消暑勝地,manual,2026-07-18
CYS553,竹崎親水公園,嘉義,竹崎、番路、中埔,,23.524267,120.5471835,,,4.1,阿里山森林鐵路車站，木造建築,manual,2026-07-18
CYS554,仁義潭水庫,嘉義,竹崎、番路、中埔,,23.461,120.50225,,,4.3,番路仁義潭，湖景步道悠閒,manual,2026-07-18
CYS555,綠盈牧場,嘉義,竹崎、番路、中埔,,23.4302586,120.5421441,,,4.1,中埔綠盈牧場，鮮乳與餵牛體驗,manual,2026-07-18
CYS556,旺萊山鳳梨文化園區,嘉義,民雄、太保,,23.55306,120.480322,,,4.3,民雄旺萊山，鳳梨文化觀光工廠,manual,2026-07-18
CYS557,三隻小豬觀光農場,嘉義,民雄、太保,,23.5552409,120.412343,,,4.4,民雄三隻小豬農場，親子動物互動,manual,2026-07-18
CYS558,故宮南院,嘉義,民雄、太保,,23.4731294,120.2927165,,,4.3,嘉義故宮南院，亞洲藝術文化博物館,manual,2026-07-18
CYS559,蒜頭糖廠,嘉義,東石、布袋、六腳,,23.480245,120.29947,,,4,六腳蒜頭糖廠，百年糖廠與五分車,manual,2026-07-18
CYS560,白水湖壽島,嘉義,東石、布袋、六腳,,23.4009833,120.1514525,,,4.4,東石白水湖壽島，海邊廢棄鹽田秘境,manual,2026-07-18
CYS561,東石漁人碼頭,嘉義,東石、布袋、六腳,,23.4487536,120.1352728,,,4.2,淡水漁人碼頭，情人橋夕陽絕美,manual,2026-07-18
CYS562,高跟鞋教堂,嘉義,東石、布袋、六腳,,23.3777863,120.1487636,,,4,布袋高跟鞋教堂，藍白打卡地標,manual,2026-07-18
CYS563,布袋漁港,嘉義,東石、布袋、六腳,,23.4551234,120.1466439,,,4.2,布袋漁港，觀光魚市與海鮮,manual,2026-07-18
CYS564,梅問屋梅子元氣館,嘉義,其他,,23.5868266,120.550874,,,4.6,位於嘉義梅山的梅子觀光工廠，介紹青梅的加工過程與梅子文化，提供試吃與DIY體驗，是了解台灣梅子產業的好去處。,manual,2026-07-18
CYS565,白人牙膏觀光工廠,嘉義,其他,,23.4247051,120.3919644,,,4.4,位於嘉義的白人牙膏觀光工廠，展示牙膏製造過程與口腔保健知識，提供互動體驗與伴手禮購買，適合親子同遊。,manual,2026-07-18
CYS566,旺萊山-鳳梨文化園區,嘉義,其他,,23.55306,120.480322,,,4.3,位於嘉義民雄的鳳梨文化園區，以台灣金鑽鳳梨為主題，提供鳳梨酥DIY、鳳梨冰品品嚐，是鳳梨愛好者的必訪景點。,manual,2026-07-18
CYS567,KHTOY絨毛玩偶旗艦館,嘉義,其他,,23.5193316,120.4329524,,,4.8,位於嘉義的絨毛玩偶觀光工廠，展示各式絨毛玩具的製作過程，提供玩偶DIY體驗，是親子出遊的熱門景點。,manual,2026-07-18
CYS568,蒜頭糖廠-蔗埕文化園區,嘉義,其他,,23.480245,120.29947,,,4,位於嘉義六腳的蒜頭糖廠，保留日治時期製糖設備，結合五分車懷舊之旅與糖業文化展示，重現台灣糖業的黃金歲月。,manual,2026-07-18
CYS569,朴子第二市場,嘉義,朴子市,,23.464484,120.2435939,,,4.1,各式小吃應有盡有，讓人流連忘返的好地方。,manual,2026-07-18
CYS570,大林市場,嘉義,大林鎮,,23.602596,120.454964,,,4,擁有多樣化的小吃選擇，讓人流連忘返。,manual,2026-07-18
TNS571,安平古堡,台南,安平,,23.0015093,120.1606244,,,4.3,台灣最古老城堡，荷蘭時期熱蘭遮城,manual,2026-07-18
TNS572,安平樹屋,台南,安平,,23.0038453,120.1598012,,,4.5,安平榕樹包覆倉庫，自然與建築共生,manual,2026-07-18
TNS573,安平老街,台南,安平,,23.0007174,120.1616449,,,4.3,台灣第一街，安平古堡旁老街,manual,2026-07-18
TNS574,安平出張所,台南,安平,,23.0024574,120.1563505,,,4.1,安平日式出張所，鹽業歷史建築,manual,2026-07-18
TNS575,億載金城,台南,安平,,22.987883,120.159255,,,4.2,台灣第一座西式砲台，國定古蹟,manual,2026-07-18
TNS576,德陽艦園區,台南,安平,,22.9891513,120.1565805,,,4.3,安平德陽艦展示館，軍艦博物,manual,2026-07-18
TNS577,大魚的祝福,台南,安平,,22.9957536,120.1633655,,,4.3,安平大魚裝置藝術，海邊打卡地標,manual,2026-07-18
TNS578,赤崁樓,台南,中西區古蹟,,22.997478,120.2025433,,,4.3,台南一級古蹟，荷蘭時期普羅民遮城,manual,2026-07-18
TNS579,吳園藝文中心,台南,中西區古蹟,,22.9943733,120.2059555,,,4.4,台南吳園，清代園林與藝文空間,manual,2026-07-18
TNS580,台南孔廟,台南,中西區古蹟,,22.9905296,120.2040401,,,4.4,全台首學，台灣最早孔子廟,manual,2026-07-18
TNS581,鄭成功文物館,台南,中西區古蹟,,22.9873691,120.2082281,,,4.3,台南鄭成功文物館，歷史文物展示,manual,2026-07-18
TNS582,海安路藝術街,台南,中西區古蹟,,22.9935209,120.1961733,,,4.3,台南海安路街道美術，裝置藝術,manual,2026-07-18
TNS583,神農街,台南,中西區古蹟,,22.9975171,120.1964949,,,,台南文青老街，藝文空間與酒吧,manual,2026-07-18
TNS584,台南美術館二館,台南,中西區藝文,,22.9901431,120.2005414,,,4.5,台南市美術館，近現代美術展覽,manual,2026-07-18
TNS585,司法博物館,台南,中西區藝文,,22.9891749,120.2011668,,,4.6,台南司法博物館，日治法院建築,manual,2026-07-18
TNS586,林百貨,台南,中西區藝文,,22.9917925,120.2025232,,,4.4,台南百年百貨，五層樓古蹟,manual,2026-07-18
TNS587,台灣文學館,台南,中西區藝文,,22.9918527,120.2044791,,,4.6,台灣文學博物館，日治建築,manual,2026-07-18
TNS588,河樂廣場,台南,中西區藝文,,22.9936595,120.1940493,,,4.4,台南河樂廣場，中國城改建親水空間,manual,2026-07-18
TNS589,藍晒圖文創園區,台南,中西區藝文,,22.9948212,120.1964522,,,4.2,台南藍晒圖，司法宿舍文創園區,manual,2026-07-18
TNS590,四草綠色隧道,台南,四草綠色隧道・漁光島,,23.0196399,120.1361465,,,4.3,台江國家公園，紅樹林綠色隧道,manual,2026-07-18
TNS591,台灣歷史博物館,台南,四草綠色隧道・漁光島,,23.0196399,120.1361465,,,4.4,台南台灣歷史博物館，台灣史展示,manual,2026-07-18
TNS592,鹿耳門聖母廟,台南,四草綠色隧道・漁光島,,23.0196399,120.1361465,,,4.6,鹿耳門聖母廟，媽祖信仰文化園區,manual,2026-07-18
TNS593,漁光島,台南,四草綠色隧道・漁光島,,23.0196399,120.1361465,,,4.4,安平漁光島，海灘與藝術裝置,manual,2026-07-18
TNS594,奇美博物館,台南,奇美博物館・十鼓・花園夜市,,22.9345608,120.2260268,,,4.7,台南奇美博物館，世界級私人收藏,manual,2026-07-18
TNS595,十鼓仁糖文創園區,台南,奇美博物館・十鼓・花園夜市,,22.9383632,120.2296156,,,4.3,台南十鼓文创園區，糖廠鼓樂體驗,manual,2026-07-18
TNS596,花園夜市,台南,奇美博物館・十鼓・花園夜市,,22.9345608,120.2260268,,,4.3,台南最大夜市，多樣小吃,manual,2026-07-18
TNS597,七股鹽山,台南,七股・北門鹽田,,23.1537345,120.0998464,,,3.9,台南鹽山觀光，白色鹽山打卡,manual,2026-07-18
TNS598,七股遊客中心,台南,七股・北門鹽田,,23.2866026,120.1242853,,,4.2,七股遊客中心，潟湖生態導覽,manual,2026-07-18
TNS599,青山漁港,台南,七股・北門鹽田,,23.1195166,120.1011836,,,4.1,將軍青山漁港，現撈海鮮與拍賣,manual,2026-07-18
TNS600,馬沙溝3D彩繪村,台南,七股・北門鹽田,,23.1195166,120.1011836,,,4,將軍馬沙溝彩繪村，3D壁畫打卡,manual,2026-07-18
TNS601,水晶教堂,台南,七股・北門鹽田,,23.2639982,120.1227089,,,3.8,北門水晶教堂，白色打卡地標,manual,2026-07-18
TNS602,井仔腳瓦盤鹽田,台南,七股・北門鹽田,,23.2588308,120.107568,,,4.4,北門井仔腳鹽田，夕陽絕美,manual,2026-07-18
TNS603,關子嶺老街,台南,關子嶺溫泉,,23.338619,120.5054146,,,3.9,白河關子嶺老街，溫泉鄉散步,manual,2026-07-18
TNS604,天梯,台南,關子嶺溫泉,,23.3396518,120.50439,,,3.7,竹山太極峽谷天梯吊橋,manual,2026-07-18
TNS605,水火同源,台南,關子嶺溫泉,,23.3396518,120.50439,,,4.1,關子嶺水火同源，天然氣與泉水奇景,manual,2026-07-18
TNS606,火山碧雲寺,台南,關子嶺溫泉,,23.3252316,120.4808585,,,4.6,關子嶺碧雲寺，三級古蹟寺廟,manual,2026-07-18
TNS607,白河萬里長城,台南,關子嶺溫泉,,23.3396518,120.50439,,,4.4,白河萬里長城，電影場景主題園區,manual,2026-07-18
TNS608,四草綠色隧道（大眾廟）,台南,其他,,23.0196399,120.1361465,,,4.3,位於台南四草的紅樹林綠色隧道，搭乘竹筏穿梭於水上森林之中，兩旁紅樹林交織成天然隧道，被譽為台版亞馬遜河。,manual,2026-07-18
TNS609,十鼓文創園區,台南,其他,,22.9383632,120.2296156,,,4.3,位於台南仁德的十鼓擊樂園區，由舊糖廠改建，結合鼓樂表演與極限設施，提供擊鼓體驗與住宿，是亞洲第一座鼓樂主題文創園區。,manual,2026-07-18
TNS610,赤嵌樓,台南,其他,,22.997478,120.2025433,,,4.3,台南最具代表性的歷史古蹟，前身為荷蘭時期的普羅民遮城，現為國定古蹟，園內有海神廟、文昌閣與九座贔屭碑，見證台灣400年歷史變遷。,manual,2026-07-18
TNS611,英商德記洋行,台南,其他,,23.0034467,120.1597835,,,4.3,位於台南安平的英國商館古蹟，建於清同治年間，為三殖民地洋行之一，現與隔壁樹屋展示安平貿易史與開港通商歷史。,manual,2026-07-18
TNS612,臺南公園,台南,其他,,23.0022317,120.2115924,,,4.2,台南歷史最悠久的公園，建於日治時期，園內有燕潭、歷史遺跡與大片綠地，並保留多棵百年老樹，是市民晨運散步的要去處。,manual,2026-07-18
TNS613,高麗園銅盤烤肉 台南三井市場,台南,歸仁,,22.9253058,120.2873845,,,4.5,中式餐廳，在地美味,manual,2026-07-18
TNS614,永樂市場,台南,中西,,22.9975861,120.1989139,,,4.3,超人氣餐廳，提供多樣化的美味料理選擇,manual,2026-07-18
TNS615,水仙宮市場,台南,中西,,22.9969748,120.197483,,,4.2,這座室內市場裡有湯麵和刈包的小吃攤，可在此購買肉品、魚肉和便宜的時裝。,manual,2026-07-18
TNS616,佳里中山公有零售市場,台南,佳里,,23.161317,120.1772118,,,4.2,提供多樣小吃選擇，是當地美食愛好者的聚集地。,manual,2026-07-18
TNS617,佳里黃昏市場,台南,佳里,,23.1591974,120.171207,,,4.1,黃昏時分的小吃天堂，帶來各式地道美食的饗宴。,manual,2026-07-18
TNS618,玉井青果批發市場,台南,玉井,,23.1226675,120.4582003,,,4.1,中式餐廳，在地美味,manual,2026-07-18
TNS619,學甲公有零售市場,台南,學甲,,23.2328237,120.1804482,,,4,各式小吃應有盡有，體驗道地市集風情。,manual,2026-07-18
KHS620,蓮池潭(龍虎塔/春秋御閣/玄天上帝像/左營孔廟),高雄,左營、橋頭糖廠、瑞豐夜市,,22.6822687,120.2927297,,,4.3,高雄最美湖泊，龍虎塔與春秋閣,manual,2026-07-18
KHS621,果貿社區,高雄,左營、橋頭糖廠、瑞豐夜市,,22.6660714,120.2996278,,,4.5,左營果貿社區，眷村建築打卡熱點,manual,2026-07-18
KHS622,橋頭糖廠,高雄,左營、橋頭糖廠、瑞豐夜市,,22.6660714,120.2996278,,,,橋頭百年糖廠，藝術與文化園區,manual,2026-07-18
KHS623,瑞豐夜市,高雄,左營、橋頭糖廠、瑞豐夜市,,22.6660714,120.2996278,,,4.2,高雄最大夜市，在地人最愛,manual,2026-07-18
KHS624,旗津渡輪,高雄,旗津、西子灣,,22.6281882,120.2644851,,,4.1,高雄離島，渡輪海灘與海鮮,manual,2026-07-18
KHS625,高雄燈塔,高雄,旗津、西子灣,,22.6281882,120.2644851,,,4.6,旗津高雄燈塔，百年航海地標,manual,2026-07-18
KHS626,星空隧道,高雄,旗津、西子灣,,22.6281882,120.2644851,,,4.3,旗津穿越壽山隧道，星空投影,manual,2026-07-18
KHS627,彩虹教堂,高雄,旗津、西子灣,,22.6281882,120.2644851,,,4.1,旗津彩虹教堂，海邊打卡地標,manual,2026-07-18
KHS628,風車公園,高雄,旗津、西子灣,,22.6141771,120.2659394,,,4.2,旗津風車公園，海邊風車散步,manual,2026-07-18
KHS629,旗津老街,高雄,旗津、西子灣,,22.6281882,120.2644851,,,4.2,高雄離島，渡輪海灘與海鮮,manual,2026-07-18
KHS630,打狗英國領事館,高雄,旗津、西子灣,,22.6281882,120.2644851,,,4.3,高雄打狗英國領事館，百年洋樓,manual,2026-07-18
KHS631,西子灣夕陽,高雄,旗津、西子灣,,22.6141771,120.2659394,,,4.7,高雄最美海灣，夕陽與中山大學,manual,2026-07-18
KHS632,壽山情人觀景台,高雄,旗津、西子灣,,22.6281882,120.2644851,,,4.5,壽山情人觀景台，高雄港夜景,manual,2026-07-18
KHS633,大港橋,高雄,駁二、夢時代、愛河,,22.6199803,120.2815287,,,4.6,高雄大港橋，全台首座水平旋轉橋,manual,2026-07-18
KHS634,駁二藝術特區,高雄,駁二、夢時代、愛河,,22.6199803,120.2815287,,,4.4,高雄文創園區，倉庫改建展覽,manual,2026-07-18
KHS635,棧貳庫,高雄,駁二、夢時代、愛河,,22.6186461,120.2777946,,,4.4,高雄港倉庫改建，文青商場與海景,manual,2026-07-18
KHS636,新光碼頭,高雄,駁二、夢時代、愛河,,22.6199803,120.2815287,,,4.3,高雄新光碼頭，水岸散步與灯光秀,manual,2026-07-18
KHS637,夢時代,高雄,駁二、夢時代、愛河,,22.6199803,120.2815287,,,4.5,高雄夢時代購物中心，頂層摩天輪,manual,2026-07-18
KHS638,愛河風景區,高雄,駁二、夢時代、愛河,,22.6199803,120.2815287,,,4.2,高雄愛河，河岸散步與遊船,manual,2026-07-18
KHS639,六合夜市,高雄,駁二、夢時代、愛河,,22.6320758,120.2991547,,,3.8,高雄觀光夜市，國際旅客必訪,manual,2026-07-18
KHS640,光之穹頂,高雄,美麗島、草衙道、紅毛港,,22.6313652,120.3019167,,,4.4,美麗島站光之穹頂，世界最美捷運,manual,2026-07-18
KHS641,中央公園,高雄,美麗島、草衙道、紅毛港,,22.533385,120.334164,,,4.5,高雄市中心公園，城市綠洲,manual,2026-07-18
KHS642,大魯閣草衙道,高雄,美麗島、草衙道、紅毛港,,22.533385,120.334164,,,4.3,高雄購物遊樂商場，賽車與電影,manual,2026-07-18
KHS643,鈴鹿賽道樂園,高雄,美麗島、草衙道、紅毛港,,22.5834212,120.3286197,,,4.3,大魯閣鈴鹿賽道樂園，室內賽車體驗,manual,2026-07-18
KHS644,紅毛港文化園區,高雄,美麗島、草衙道、紅毛港,,22.5506874,120.3179446,,,4.5,小港紅毛港園區，遷村文化保存,manual,2026-07-18
KHS645,衛武營國家藝術文化中心,高雄,鳳山,,22.6230003,120.3424415,,,4.7,世界最大單一屋頂劇院，國際級,manual,2026-07-18
KHS646,衛武迷迷村,高雄,鳳山,,22.6271532,120.3439306,,,4.3,鳳山衛武迷迷村，彩繪藝術社區,manual,2026-07-18
KHS647,鳳儀書院,高雄,鳳山,,22.6277386,120.359487,,,4.3,鳳山百年書院，清代建築,manual,2026-07-18
KHS648,大東濕地公園,高雄,鳳山,,22.6282662,120.3646902,,,4.3,鳳山大東濕地公園，生態步道,manual,2026-07-18
KHS649,大東文化藝術中心,高雄,鳳山,,22.6249694,120.3634886,,,4.5,鳳山文化園區，藝文展演,manual,2026-07-18
KHS650,崗山之眼,高雄,岡山、茄萣,,22.8763476,120.2108809,,,4,崗山天空步道，俯瞰阿公店水庫,manual,2026-07-18
KHS651,岡山公園,高雄,岡山、茄萣,,22.8763476,120.2108809,,,4.3,岡山公園，岡山老街順遊,manual,2026-07-18
KHS652,航空教育展示館,高雄,岡山、茄萣,,22.8763476,120.2108809,,,3.9,岡山航空教育館，空軍文物展示,manual,2026-07-18
KHS653,富樂夢橡皮擦工廠,高雄,岡山、茄萣,,22.8763476,120.2108809,,,4.2,大社富樂夢觀光工廠，橡皮擦DIY,manual,2026-07-18
KHS654,興達港觀光漁市,高雄,岡山、茄萣,,22.8688473,120.1934253,,,4.1,茄萣興達漁港，情人碼頭與海鮮,manual,2026-07-18
KHS655,田寮月世界,高雄,田寮、燕巢,,22.7823697,120.378138,,,,田寮月世界，泥火山惡地地形,manual,2026-07-18
KHS656,石頭廟,高雄,田寮、燕巢,,22.8355948,120.3865318,,,4.2,田寮石頭廟，石頭堆疊寺廟奇景,manual,2026-07-18
KHS657,阿公店水庫,高雄,田寮、燕巢,,22.8633474,120.4011911,,,4.4,燕巢水庫，環湖自行車道,manual,2026-07-18
KHS658,裕賀牛觀光工廠,高雄,田寮、燕巢,,22.7702395,120.3830051,,,4.5,燕巢裕賀牛觀光工廠，牛肉DIY,manual,2026-07-18
KHS659,佛光山,高雄,大樹、烏松,,22.6602052,120.3723741,,,4.6,台灣佛教聖地，大佛與佛陀紀念館,manual,2026-07-18
KHS660,華一農場,高雄,大樹、烏松,,22.6602052,120.3723741,,,4.3,大樹華一牧場，親子餵羊體驗,manual,2026-07-18
KHS661,高屏舊鐵橋,高雄,大樹、烏松,,22.6623098,120.4268314,,,4.4,大樹高屏舊鐵橋，百年鐵道濕地,manual,2026-07-18
KHS662,澄清湖,高雄,大樹、烏松,,22.6603607,120.353806,,,4.4,高雄後花園湖泊，九曲橋與富國島,manual,2026-07-18
KHS663,烏松濕地公園,高雄,大樹、烏松,,22.6526961,120.3499146,,,4.2,鳥松烏松濕地，都會生態公園,manual,2026-07-18
KHS664,旗山老街,高雄,旗山、美濃、六龜,,22.8846224,120.4819792,,,4.2,旗山老街，巴洛克建築與香蕉美食,manual,2026-07-18
KHS665,糖鐵故事館,高雄,旗山、美濃、六龜,,22.8846222,120.4819841,,,4.1,旗山糖鐵故事館，糖業鐵道歷史,manual,2026-07-18
KHS666,美濃民俗村,高雄,旗山、美濃、六龜,,22.8702492,120.4703258,,,4,美濃民俗村，客家文化體驗,manual,2026-07-18
KHS667,美濃客家文物館,高雄,旗山、美濃、六龜,,22.8702492,120.4703258,,,4,美濃客家文物館，客家文化展示,manual,2026-07-18
KHS668,六龜大佛,高雄,旗山、美濃、六龜,,22.8702492,120.4703258,,,4.1,六龜大佛，山林佛像地標,manual,2026-07-18
KHS669,寶來花賞溫泉公園,高雄,旗山、美濃、六龜,,23.1073855,120.7034764,,,4,六龜寶來溫泉公園，花季泡湯,manual,2026-07-18
KHS670,新威森林公園,高雄,茂林,,22.9319405,120.734995,,,4.5,六龜新威森林公園，桃花心木林,manual,2026-07-18
KHS671,情人谷瀑布,高雄,茂林,,22.8758654,120.6668437,,,3.9,茂林情人谷瀑布，原鄉步道,manual,2026-07-18
KHS672,多納高吊橋,高雄,茂林,,22.9141118,120.6892236,,,4.4,茂林多納高吊橋，峽谷景觀,manual,2026-07-18
KHS673,小長城步道,高雄,茂林,,22.9126623,120.6920887,,,4.4,茂林小長城步道，山谷展望,manual,2026-07-18
KHS674,多納村,高雄,茂林,,22.9104378,120.7154531,,,4.1,茂林多納村，魯凱族石板屋聚落,manual,2026-07-18
KHS675,淨園農場,高雄,其他,,22.5789945,120.34442,,,4.3,位於高雄小港的休閒農場，機場旁可近距離觀看飛機起降，並有袋鼠、水豚等動物區與咖啡輕食，適合親子出遊。,manual,2026-07-18
KHS676,光榮碼頭,高雄,其他,,22.6167885,120.2932385,,,4.6,位於高雄愛河口的原軍用碼頭，轉型為親水遊憩區，設有光榮碼頭浮動碼頭與水岸步道，可搭乘文化遊艇遊港、欣賞港都夕照。,manual,2026-07-18
KHS677,高雄市六合國際觀光夜市,高雄,其他,,22.6320758,120.2991547,,,3.8,高雄最具代表性的觀光夜市，以各式中南部小吃聞名，包括木瓜牛奶、海產粥、烤肉等，是體驗高雄夜生活與美食文化的必訪之地。,manual,2026-07-18
KHS678,高雄中央公園,高雄,其他,,22.6249002,120.3008984,,,4.5,位於高雄市區中心的都市公園，原為體育場改建，有大片草地、生態池與遊憩設施，是市民運動休閒與都市減溫的重要綠地。,manual,2026-07-18
KHS679,塩埕第一公有零售市場,高雄,鹽埕,,22.6249215,120.2823218,,,4.5,新鮮小吃琳瑯滿目，是品嘗在地美食的好去處。,manual,2026-07-18
KHS680,堀江商場,高雄,鹽埕,,22.6240355,120.2815436,,,4,精緻小吃多樣化，人氣聚集的熱點。,manual,2026-07-18
PTS681,慈鳳宮（阿猴媽祖廟）,屏東,屏東市區文化,,22.6708688,120.4863137,,,4.7,屏東市慈鳳宮，阿猴媽祖信仰中心,manual,2026-07-18
PTS682,勝利星村創意生活園區,屏東,屏東市區文化,,22.6786031,120.484498,,,4.5,屏東勝利星村，眷村文創園區,manual,2026-07-18
PTS683,屏東書院,屏東,屏東市區文化,,22.6786559,120.492769,,,4.3,屏東書院，清代孔廟建築,manual,2026-07-18
PTS684,宗聖公祠,屏東,屏東市區文化,,22.667173,120.491489,,,4.4,屏東宗聖公祠，曾氏家廟古蹟,manual,2026-07-18
PTS685,屏東縣民公園,屏東,屏東市區文化,,22.6566278,120.4867622,,,4.5,屏東縣民公園，台糖紙漿廠改建,manual,2026-07-18
PTS686,屏東觀光夜市,屏東,屏東市區文化,,22.6698878,120.4898724,,,4.2,屏東觀光夜市，在地人最愛,manual,2026-07-18
PTS687,墾丁國家森林遊樂區,屏東,墾丁恆春半島,,21.9600303,120.8112595,,,4.7,墾丁高位珊瑚礁森林，仙洞銀龍洞,manual,2026-07-18
PTS688,鵝鑾鼻公園,屏東,墾丁恆春半島,,21.9031123,120.8510338,,,4.4,鵝鑾鼻公園，台灣最南端地標,manual,2026-07-18
PTS689,鵝鑾鼻燈塔,屏東,墾丁恆春半島,,21.9022339,120.8526297,,,4.4,鵝鑾鼻燈塔，台灣最南端燈塔,manual,2026-07-18
PTS690,龍坑生態保護區,屏東,墾丁恆春半島,,21.902813,120.8557908,,,4.6,鵝鑾鼻龍坑生態區，珊瑚礁地形,manual,2026-07-18
PTS691,貝殼砂島,屏東,墾丁恆春半島,,21.9130508,120.8476745,,,4.8,墾丁貝殼砂保護區，純白沙灘,manual,2026-07-18
PTS692,關山日落,屏東,墾丁恆春半島,,21.9648355,120.7185661,,,3.8,墾丁關山夕陽，台灣最美落日,manual,2026-07-18
PTS693,萬巒豬腳街,屏東,萬巒可可與豬腳,,22.5742185,120.5687702,,,4.3,萬巒豬腳街，全台知名豬腳故鄉,manual,2026-07-18
PTS694,可可園區,屏東,萬巒可可與豬腳,,22.5729473,120.5983736,,,4.2,屏東可可園區，巧克力產業體驗,manual,2026-07-18
PTS695,萬金聖母聖殿,屏東,萬巒可可與豬腳,,22.5950523,120.6111929,,,4.5,萬巒萬金聖母聖殿，百年天主教堂,manual,2026-07-18
PTS696,萬巒老街,屏東,萬巒可可與豬腳,,22.584046,120.6084832,,,4.3,萬巒老街，客家聚落與豬腳美食,manual,2026-07-18
PTS697,屏東可可節會場,屏東,萬巒可可與豬腳,,22.5729473,120.5983736,,,4.2,屏東可可節，巧克力主題活動,manual,2026-07-18
PTS698,東隆宮,屏東,東港海鮮與小琉球,,22.4630838,120.4487193,,,4.7,東港東隆宮，王爺信仰與迎王祭,manual,2026-07-18
PTS699,東港漁港,屏東,東港海鮮與小琉球,,22.46580689961867,120.4404438723772,,,4.4,東港漁港，黑鮪魚與大鵬灣,manual,2026-07-18
PTS700,小琉球,屏東,東港海鮮與小琉球,,22.4689368,120.43821,,,4.5,屏東離島，珊瑚礁島與海龜,manual,2026-07-18
PTS701,花瓶岩,屏東,東港海鮮與小琉球,,22.3556834,120.3798922,,,4.5,小琉球花瓶岩，珊瑚礁地標打卡,manual,2026-07-18
PTS702,美人洞,屏東,東港海鮮與小琉球,,22.3535565,120.3732105,,,4.2,小琉球美人洞，海蝕洞風景區,manual,2026-07-18
PTS703,白沙尾,屏東,東港海鮮與小琉球,,22.351034,120.381121,,,,小琉球白沙尾，主要港口沙灘,manual,2026-07-18
PTS704,國立海洋生物博物館,屏東,海生館與車城四重溪,,22.0460159,120.6989058,,,4.6,屏東海生館，全台最大海洋博物館,manual,2026-07-18
PTS705,車城福安宮,屏東,海生館與車城四重溪,,22.0932578,120.7476596,,,4.6,車城全台最大土地公廟,manual,2026-07-18
PTS706,四重溪溫泉,屏東,海生館與車城四重溪,,22.0958333,120.7502778,,,4.2,台灣四大溫泉之一，百年泡湯,manual,2026-07-18
PTS707,車城老街,屏東,海生館與車城四重溪,,22.0932578,120.7476596,,,4.6,車城老街，四重溪溫泉順遊,manual,2026-07-18
PTS708,枋寮車站,屏東,枋寮藍皮解憂號,,22.368018,120.595097,,,4.3,枋寮車站，南迴線起點,manual,2026-07-18
PTS709,藍皮解憂號觀光列車,屏東,枋寮藍皮解憂號,,22.3670009,120.5954449,,,4.6,藍皮解憂號，南迴線怀旧觀光列車,manual,2026-07-18
PTS710,枋寮漁港,屏東,枋寮藍皮解憂號,,22.36306936054408,120.5929299706297,,,4.1,枋寮漁港，現撈海鮮與夕陽,manual,2026-07-18
PTS711,鹿境梅花鹿生態園區|墾丁鹿境,屏東,其他,,22.0124394,120.7416877,,,4.4,位於屏東恆春的梅花鹿生態園區，提供近距離餵食與互動梅花鹿體驗，園區內還有兔子、羊等動物，適合親子同遊。,manual,2026-07-18
PTS712,墾丁國家公園,屏東,其他,,21.9483307,120.7797516,,,4.5,台灣第一座國家公園，涵蓋恆春半島南端，擁有珊瑚礁海岸、熱帶季風林與豐富海洋生態，是浮潛、衝浪與生態旅遊的勝地。,manual,2026-07-18
PTS713,龍磐公園,屏東,其他,,21.9272344,120.8479628,,,4.7,位於墾丁鵝鑾鼻與佳樂水之間的草原斷崖，可俯瞰太平洋與巴士海峽，擁有廣闊草原與星空美景，是觀星與賞日出的絕佳地點。,manual,2026-07-18
PTS714,屏東公園,屏東,其他,,22.6746753,120.4923113,,,4.4,位於屏東市的百年歷史公園，原名中山公園，保留日治時期遺跡與老樹，園內有湖泊、涼亭與兒童遊戲區，是市民休閒的好去處。,manual,2026-07-18
PTS715,中央市場,屏東,屏東市,,22.671553,120.490622,,,4.1,人氣小吃聚集地，各式地道美食應有盡有。,manual,2026-07-18
PTS716,內埔公有黃昏市場,屏東,內埔鄉,,22.6114313,120.5677373,,,4.1,"特色小吃聚集地, 夜市風情濃厚",manual,2026-07-18
HLS717,花蓮市區,花蓮,太魯閣峽谷經典,,23.9871434,121.6014001,,,,花蓮市區，逛街美食與文創,manual,2026-07-18
HLS718,七星潭,花蓮,太魯閣峽谷經典,,24.0430498,121.6224926,,,4.6,花蓮最美海灘，鵝卵石與星空,manual,2026-07-18
HLS719,清水斷崖,花蓮,太魯閣峽谷經典,,24.2188889,121.6930556,,,4.7,太魯閣清水斷崖，太平洋峭壁,manual,2026-07-18
HLS720,太魯閣國家公園,花蓮,太魯閣峽谷經典,,24.1939246,121.4906668,,,4.6,世界級大理石峽谷，台灣必訪地標,manual,2026-07-18
HLS721,長春祠,花蓮,太魯閣峽谷經典,,24.1604798,121.6036866,,,,太魯閣長春祠，瀑布與寺廟,manual,2026-07-18
HLS722,燕子口,花蓮,太魯閣峽谷經典,,24.172959,121.564444,,,,太魯閣燕子口步道，大理石峽谷,manual,2026-07-18
HLS723,九曲洞,花蓮,太魯閣峽谷經典,,24.1939246,121.4906668,,,4.7,太魯閣九曲洞步道，峽谷奇景,manual,2026-07-18
HLS724,山月吊橋,花蓮,太魯閣峽谷經典,,24.1730194,121.5699615,,,4.5,太魯閣山月吊橋，峽谷高空吊橋,manual,2026-07-18
HLS725,鯉魚潭,花蓮,花東縱谷田園,,23.9278268,121.5098787,,,4.4,花蓮鯉魚潭，環湖單車與賞螢,manual,2026-07-18
HLS726,立川漁場,花蓮,花東縱谷田園,,23.864656,121.5222562,,,4.1,壽豐立川漁場，蜆仔養殖與摸蜆,manual,2026-07-18
HLS727,光復糖廠,花蓮,花東縱谷田園,,23.9334262,121.5395076,,,4.1,光復糖廠，花蓮糖廠冰品與五分車,manual,2026-07-18
HLS728,馬太鞍濕地,花蓮,花東縱谷田園,,23.6577522,121.4096652,,,4.2,光復馬太鞍濕地，阿美族生態捕魚,manual,2026-07-18
HLS729,瑞穗牧場,花蓮,花東縱谷田園,,23.4792093,121.3459565,,,3.9,瑞穗鮮乳牧場，餵牛與鮮乳,manual,2026-07-18
HLS730,北回歸線標誌公園,花蓮,花東縱谷田園,,23.465731,121.3574028,,,4.2,瑞穗北回歸線標誌，熱帶副熱帶分界,manual,2026-07-18
HLS731,牛山呼庭,花蓮,花蓮海線秘境,,23.7634832,121.5691587,,,3.7,豐濱牛山草原，原民風景區,manual,2026-07-18
HLS732,March洞,花蓮,花蓮海線秘境,,23.5240439,121.5042389,,,4.5,壽豐March洞，海蝕洞秘境,manual,2026-07-18
HLS733,大石鼻山,花蓮,花蓮海線秘境,,23.6968601,121.5509031,,,4.3,壽豐大石鼻山步道，海景俯瞰,manual,2026-07-18
HLS734,石梯坪,花蓮,花蓮海線秘境,,23.9910732,121.6111949,,,,花蓮海蝕地形，露營與潮間帶,manual,2026-07-18
HLS735,親不知子海岸,花蓮,花蓮海線秘境,,23.675376,121.545538,,,,豐濱天空步道，斷崖海上走廊,manual,2026-07-18
HLS736,新社梯田,花蓮,花蓮海線秘境,,23.65437,121.539429,,,4.1,豐濱新社梯田，海稻田秘境,manual,2026-07-18
HLS737,松園別館,花蓮,花蓮市區文化散策,,23.9828738,121.6155061,,,4.2,花蓮日式別館，太平洋海景,manual,2026-07-18
HLS738,花蓮文化創意產業園區,花蓮,花蓮市區文化散策,,23.976244,121.6048577,,,4.1,花蓮舊酒廠文創園區，藝文展覽,manual,2026-07-18
HLS739,貨櫃星巴克,花蓮,花蓮市區文化散策,,23.9871434,121.6014001,,,4.2,花蓮貨櫃星巴克，全台唯一貨櫃店面,manual,2026-07-18
HLS740,吉安慶修院,花蓮,花蓮市區文化散策,,23.9736882,121.5647145,,,4.3,花蓮日式佛寺，三級古蹟,manual,2026-07-18
HLS741,東大門夜市,花蓮,花蓮市區文化散策,,23.9728958,121.6098425,,,4.1,花蓮最大夜市，福町與自強夜市合併,manual,2026-07-18
HLS742,赤柯山金針花海,花蓮,金針花海季節限定,,23.389575,121.395448,,,4.6,玉里赤柯山金針花，八月限定,manual,2026-07-18
HLS743,六十石山金針花海,花蓮,金針花海季節限定,,23.2209221,121.31118,,,4.6,富里金針花海，小瑞士景觀,manual,2026-07-18
HLS744,遠雄海洋公園,花蓮,花蓮親子樂園農場,,23.9012596,121.6035363,,,4.4,花蓮遠雄海洋公園，主題樂園,manual,2026-07-18
HLS745,雲山水夢幻湖,花蓮,花蓮親子樂園農場,,23.8285824,121.5155814,,,4.1,陽明山高山湖泊，生態保護區,manual,2026-07-18
HLS746,理想大地渡假飯店,花蓮,花蓮親子樂園農場,,23.8656354,121.5271308,,,4.5,花蓮理想大地，五星級河岸度假,manual,2026-07-18
HLS747,花蓮觀光糖廠,花蓮,其他,,23.6586905,121.4206067,,,4.1,位於花蓮光復的花蓮糖廠，又稱光復糖廠，以各式口味冰淇淋聞名，保留日式木造宿舍群與製糖設備，是花東縱谷的熱門休憩點。,manual,2026-07-18
HLS748,張家樹園,花蓮,其他,,23.978631,121.5729202,,,4.8,位於花蓮的私人樹園，園主收藏各式珍奇樹種與盆栽，環境清幽，提供遊客欣賞奇木雅石的休閒空間。,manual,2026-07-18
HLS749,七星潭海岸風景特定區,花蓮,其他,,24.0314268,121.6271764,,,4.6,花蓮最具代表性的海岸景點，擁有月牙形的礫石海灣，可遠眺清水斷崖與太平洋，是欣賞日出與海景的絕佳去處。,manual,2026-07-18
HLS750,太平洋公園,花蓮,其他,,23.9663889,121.6091667,,,4.5,位於花蓮市區旁的濱海公園，整合南濱與北濱公園，提供自行車道、沙灘與觀海平台，是市民晨跑散步與欣賞太平洋海景的休閒場所。,manual,2026-07-18
HLS751,武陵農場,花蓮,其他,,24.3450052,121.3082054,,,4.6,位於台中市和平區的高山農場，海拔約1750公尺，以春季櫻花、秋季楓紅與高冷蔬菜聞名，是賞花避暑與親近自然的勝地。,manual,2026-07-18
TTS752,台東市區,台東,台東縱谷線,,22.761315,121.1439117,,,,台東市區，逛街美食與鐵花村,manual,2026-07-18
TTS753,初鹿牧場,台東,台東縱谷線,,22.8657618,121.1084195,,,4.2,卑南初鹿牧場，鮮乳與餵牛,manual,2026-07-18
TTS754,鹿野高台,台東,台東縱谷線,,22.916449,121.1215949,,,4.5,鹿野熱氣球嘉年華，飛行傘勝地,manual,2026-07-18
TTS755,關山親水公園,台東,台東縱谷線,,23.0399947,121.1719596,,,4.1,關山環鎮自行車道，全台最美,manual,2026-07-18
TTS756,池上伯朗大道,台東,台東縱谷線,,23.0988065,121.2130022,,,4.4,池上稻米之鄉，伯朗大道與金城武樹,manual,2026-07-18
TTS757,天堂路,台東,台東縱谷線,,23.0950435,121.2156955,,,4.6,台東天堂路，稻田海景自行車道,manual,2026-07-18
TTS758,小野柳,台東,台東海岸線,,22.7947736,121.1981802,,,4.4,台東小野柳，豆腐岩與蕈狀岩,manual,2026-07-18
TTS759,加路蘭遊憩區,台東,台東海岸線,,22.8063665,121.1969974,,,4.4,台東加路蘭遊憩區，海岸裝置藝術,manual,2026-07-18
TTS760,金樽遊憩區,台東,台東海岸線,,22.9451684,121.2799066,,,4.3,成功金樽遊憩區，海灣觀景,manual,2026-07-18
TTS761,東河包子,台東,台東海岸線,,22.793765,121.1231573,,,3.8,東河肉包子，全台知名排隊包子,manual,2026-07-18
TTS762,三仙台,台東,台東海岸線,,23.1206279,121.4027574,,,,台東海蝕拱橋，三仙傳說地標,manual,2026-07-18
TTS763,石雨傘,台東,台東海岸線,,23.177633,121.399473,,,,成功石雨傘，海蝕岩柱奇景,manual,2026-07-18
TTS764,知本國家森林遊樂區,台東,知本溫泉森林,,22.6874498,120.9912777,,,,知本森林遊樂區，瀑布與巨木,manual,2026-07-18
TTS765,知本溫泉,台東,知本溫泉森林,,22.6930439,121.018124,,,4.2,台東知本溫泉，山林泡湯勝地,manual,2026-07-18
TTS766,鐵花村音樂聚落,台東,知本溫泉森林,,22.7533566,121.1460498,,,4.5,台東鐵花村，Live音樂與文創,manual,2026-07-18
TTS767,台東觀光夜市,台東,知本溫泉森林,,22.754892,121.1488487,,,3.9,台東觀光夜市，週末限定,manual,2026-07-18
TTS768,多良車站,台東,太麻里金針花南迴,,22.507135,120.959186,,,3.7,太麻里多良車站，全台最美車站,manual,2026-07-18
TTS769,灌籃高手平交道,台東,太麻里金針花南迴,,22.643066,120.9526277,,,4.1,太麻里灌籃高手平交道，櫻木花道場景,manual,2026-07-18
TTS770,太麻里金針花季,台東,太麻里金針花南迴,,22.643066,120.9526277,,,4.4,太麻里金針山，金針花海季限定,manual,2026-07-18
TTS771,臺東森林公園,台東,台東市區慢活,,22.76281,121.1573,,,4.4,台東森林公園，琵琶湖與單車,manual,2026-07-18
TTS772,琵琶湖,台東,台東市區慢活,,22.7557212,121.1665645,,,4.5,台東森林公園琵琶湖，環湖步道,manual,2026-07-18
TTS773,海濱公園,台東,台東市區慢活,,22.7628034,121.1543555,,,4.5,台東海濱公園，國際地標與曙光,manual,2026-07-18
TTS774,鐵花村,台東,台東市區慢活,,22.7533566,121.1460498,,,4.5,台東鐵花村音樂聚落，Live音樂,manual,2026-07-18
TTS775,正氣路觀光夜市,台東,台東市區慢活,,22.754892,121.1488487,,,3.9,台東正氣路夜市，週末限定,manual,2026-07-18
TTS776,阿朗壹古道,台東,阿朗壹古道南迴,,22.7051064,121.039781,,,4.6,全台最後海岸秘境，古道健行,manual,2026-07-18
TTS777,金崙咖啡,台東,阿朗壹古道南迴,,22.531571,120.967249,,,4.3,太麻里金崙咖啡，海邊部落咖啡,manual,2026-07-18
TTS778,臺東觀光夜市,台東,其他,,22.754892,121.1488487,,,3.9,位於台東市區的觀光夜市，聚集各式東台灣特色小吃，以原住民風味料理、烤山豬肉與釋迦冰品聞名，體驗台東慢活夜生活的好去處。,manual,2026-07-18
TTS779,台東市中央市場,台東,台東市,,22.7536222,121.1497174,,,4.1,人氣小吃集中地，讓你一次滿足味蕾。,manual,2026-07-18
TTS780,台東縣關山鎮公所公有零售市場,台東,關山鎮,,23.0488441,121.1643129,,,4.1,當地特色小吃眾多，讓你體驗在地風味。,manual,2026-07-18
TTS781,臺東市第一公有零售市場,台東,其他,,22.7538281,121.1494334,,,4,當地特色小吃聚集，讓你品嚐在地風味。,manual,2026-07-18
PHS782,抵達澎湖/租機車,澎湖,馬公市區、海洋牧場、花火節,,23.5664677,119.5725128,,,4.9,抵達澎湖機場，租機車展開旅程,manual,2026-07-18
PHS783,中央老街,澎湖,馬公市區、海洋牧場、花火節,,23.5647548,119.5648526,,,,馬公中央老街，澎湖最古老街道,manual,2026-07-18
PHS784,篤行十村,澎湖,馬公市區、海洋牧場、花火節,,23.5638542,119.5609494,,,4.4,馬公篤行十村，眷村文創園區,manual,2026-07-18
PHS785,海洋牧場,澎湖,馬公市區、海洋牧場、花火節,,23.5664677,119.5725128,,,3.8,澎湖海洋牧場，海上平台釣魚體驗,manual,2026-07-18
PHS786,澎湖花火節,澎湖,馬公市區、海洋牧場、花火節,,23.5726787,119.5664115,,,4.7,澎湖花火節，春季限定煙火盛宴,manual,2026-07-18
PHS787,風櫃洞,澎湖,澎湖南環,,23.537891,119.5437331,,,4.3,馬公風櫃聽濤，海蝕洞奇景,manual,2026-07-18
PHS788,蛇頭山,澎湖,澎湖南環,,23.5536111,119.5485556,,,4.2,馬公蛇頭山，法軍登陸紀念,manual,2026-07-18
PHS789,山水沙灘,澎湖,澎湖南環,,23.5129795,119.5911178,,,4.6,馬公山水沙灘，衝浪與夕陽,manual,2026-07-18
PHS790,隘門沙灘,澎湖,澎湖南環,,23.5549257,119.6390092,,,4.5,馬公隘門沙灘，水上活動,manual,2026-07-18
PHS791,奎壁山摩西分海,澎湖,澎湖南環,,23.5978987,119.672563,,,4.5,湖西奎壁山，摩西分海步道,manual,2026-07-18
PHS792,南寮古厝,澎湖,澎湖南環,,23.5841027,119.6711953,,,4.3,湖西南寮社區，珊瑚石古厝,manual,2026-07-18
PHS793,夜釣小管,澎湖,澎湖南環,,23.565936,119.5710798,,,5,澎湖夜釣小管，夜間海上釣魚體驗,manual,2026-07-18
PHS794,後寮天堂路,澎湖,澎湖北環,,23.6760643,119.5783015,,,4.5,白沙後寮天堂路，海上廢棄道路秘境,manual,2026-07-18
PHS795,池東大菓葉玄武岩,澎湖,澎湖北環,,23.595584,119.5163386,,,4.5,西嶼大菓葉玄武岩，柱狀節理奇景,manual,2026-07-18
PHS796,三石壁,澎湖,澎湖北環,,23.5972843,119.5148664,,,4.3,古坑石壁森林遊樂區，竹林與巨木,manual,2026-07-18
PHS797,二崁聚落,澎湖,澎湖北環,,23.60602,119.51839,,,4.6,西嶼二崁聚落，閩南古厝保存區,manual,2026-07-18
PHS798,池西岩瀑,澎湖,澎湖北環,,23.6039079,119.5024858,,,4.6,西嶼池西岩瀑，柱狀玄武岩海岸,manual,2026-07-18
PHS799,小池角雙曲橋,澎湖,澎湖北環,,23.5987037,119.5044665,,,4.3,西嶼小池角雙曲橋，海中步道打卡,manual,2026-07-18
PHS800,漁翁島燈塔,澎湖,澎湖北環,,23.5625437,119.4691038,,,4.4,西嶼漁翁島燈塔，台灣最老燈塔,manual,2026-07-18
PHS801,三仙塔/外垵漁港,澎湖,澎湖北環,,23.5622182,119.4772722,,,4.6,西嶼三仙塔與外垵漁港，海景展望,manual,2026-07-18
PHS802,西嶼西臺,澎湖,澎湖北環,,23.564167,119.489722,,,4.2,西嶼西臺古堡，國定古蹟砲台,manual,2026-07-18
PHS803,吉貝島,澎湖,澎湖北環,,23.7401593,119.6088282,,,4.6,吉貝島，沙尾海灘與水上活動,manual,2026-07-18
PHS804,澎湖水族館,澎湖,澎湖北環,,23.6499486,119.6040311,,,4.4,白沙水族館，海洋生態展示,manual,2026-07-18
PHS805,通樑古榕,澎湖,澎湖北環,,23.6566132,119.5570153,,,4.4,白沙通樑古榕，三百年老榕樹,manual,2026-07-18
PHS806,跨海大橋,澎湖,澎湖北環,,23.6578236,119.554539,,,,澎湖地標跨海大橋，連接白沙西嶼,manual,2026-07-18
PHS807,鯨魚洞/小門地質館,澎湖,澎湖北環,,23.6539028,119.5172361,,,4.3,西嶼鯨魚洞，海蝕拱門與地質館,manual,2026-07-18
PHS808,大義宮,澎湖,澎湖北環,,23.6329013,119.5213709,,,3.9,西嶼大義宮，珊瑚壁雕與地下鐘乳石,manual,2026-07-18
PHS809,雙心石滬,澎湖,七美、望安跳島,,23.220255,119.4469133,,,4.7,七美雙心石滬，浪漫打卡地標,manual,2026-07-18
PHS810,小台灣,澎湖,七美、望安跳島,,23.2082126,119.4437979,,,4.5,七美小台灣海蝕平台，地形奇景,manual,2026-07-18
PHS811,大獅風景區,澎湖,七美、望安跳島,,23.2014677,119.4354851,,,4.4,西嶼大獅風景區，海蝕岩柱奇景,manual,2026-07-18
PHS812,七美人塚,澎湖,七美、望安跳島,,23.1924226,119.4268735,,,3.8,七美七美人塚，貞節傳說遺跡,manual,2026-07-18
PHS813,網垵口沙灘,澎湖,七美、望安跳島,,23.3562539,119.5029329,,,4.6,望安網垵口沙灘，貝殼沙戲水,manual,2026-07-18
PHS814,花宅聚落,澎湖,七美、望安跳島,,23.3706318,119.4951495,,,4.3,望安花宅聚落，珊瑚石古厝保存,manual,2026-07-18
PHS815,買伴手禮/返台,澎湖,七美、望安跳島,,23.2762183,119.4895593,,,4.6,澎湖伴手禮採買，準備返台,manual,2026-07-18
PHS816,澎湖跨海大橋,澎湖,其他,,23.6578236,119.554539,,,4.5,連接澎湖本島與西嶼的跨海大橋，全長約2.5公里，是澎湖最具代表性的地標，橫跨波濤洶湧的吼門水道，氣勢壯觀。,manual,2026-07-18
PHS817,觀音亭親水遊憩區,澎湖,其他,,23.5686457,119.562431,,,4.6,位於澎湖馬公的觀音亭海濱，以彩虹橋與夕陽美景聞名，提供親水步道與遊憩設施，是欣賞澎湖灣海景與虹橋夕照的勝地。,manual,2026-07-18
PHS818,澎湖魚市場,澎湖,馬公市,,23.5660792,119.5766388,,,4.4,｜新鮮海鮮直送，口感鮮甜，讓人流連忘返。,manual,2026-07-18
PHS819,北辰市場,澎湖,馬公市,,23.5707538,119.5709734,,,4.3,熱鬧的傳統市場，有販售海鮮、蔬果和當地特產的攤販。,manual,2026-07-18
JMS820,莒光樓,金馬,金城歷史戰地,,24.4249101,118.3190217,,,4.4,金門莒光樓，城樓式紀念建築,manual,2026-07-18
JMS821,珠山聚落,金馬,金城歷史戰地,,24.4014828,118.3205759,,,4.5,金門珠山聚落，薛氏宗祠古厝群,manual,2026-07-18
JMS822,翟山坑道,金馬,金城歷史戰地,,24.3900267,118.319946,,,4.6,金門軍事坑道，花崗岩地下碼頭,manual,2026-07-18
JMS823,水頭聚落,金馬,金城歷史戰地,,24.4094809,118.299865,,,4.5,金門水頭古厝洋樓群，得月樓,manual,2026-07-18
JMS824,八二三戰史館,金馬,金城歷史戰地,,24.4431889,118.4324028,,,4.3,金門八二三戰史館，砲戰歷史,manual,2026-07-18
JMS825,古寧頭戰史館,金馬,金城歷史戰地,,24.4829757,118.3209361,,,4.5,金門古寧頭戰史館，戰役歷史,manual,2026-07-18
JMS826,天摩山步道,金馬,金東秘境探索,,24.5267481,118.4181221,,,4.6,金門天摩山步道，觀景與軍事遺跡,manual,2026-07-18
JMS827,船型堡,金馬,金東秘境探索,,24.4991413,118.4469445,,,4.7,金門船型堡，反登陸軍事工事,manual,2026-07-18
JMS828,陳景蘭洋樓,金馬,金東秘境探索,,24.4372225,118.3900819,,,4.5,金門成功洋樓，最大私人洋樓,manual,2026-07-18
JMS829,山后民俗村,金馬,金東秘境探索,,24.5038116,118.4404129,,,4.4,金門山后古厝群，閩南建築博物館,manual,2026-07-18
JMS830,馬山觀測所,金馬,金東秘境探索,,24.5277161,118.4088789,,,4.5,金門馬山觀測站，離廈門最近點,manual,2026-07-18
JMS831,金門大橋,金馬,烈嶼小金門,,24.4279737,118.2351192,,,4.7,金門大橋，連接大小金門跨海大橋,manual,2026-07-18
JMS832,九宮坑道,金馬,烈嶼小金門,,24.4237909,118.2626189,,,4.6,烈嶼九宮坑道，花崗岩地下碼頭,manual,2026-07-18
JMS833,沙溪堡,金馬,烈嶼小金門,,24.4279737,118.2351192,,,4.6,烈嶼沙溪堡，海岸防禦據點,manual,2026-07-18
JMS834,湖井頭戰史館,金馬,烈嶼小金門,,24.4279737,118.2351192,,,4.3,烈嶼湖井頭戰史館，戰役歷史,manual,2026-07-18
JMS835,西方村,金馬,烈嶼小金門,,24.4279737,118.2351192,,,4.6,烈嶼西方村，海岸聚落散步,manual,2026-07-18
JMS836,瓊林風獅爺,金馬,太武山生態文化,,24.4568312,118.3740465,,,4.4,金門風獅爺，聚落守護神像,manual,2026-07-18
JMS837,瓊林坑道,金馬,太武山生態文化,,24.4551445,118.3730578,,,4.4,金門瓊林坑道，民防地下坑道,manual,2026-07-18
JMS838,海印寺,金馬,太武山生態文化,,24.4625978,118.4185443,,,4.7,金門太武山海印寺，百年古刹,manual,2026-07-18
JMS839,建功嶼,金馬,太武山生態文化,,24.4274351,118.300075,,,4.7,金門建功嶼，退潮才可步行抵達,manual,2026-07-18
JMS840,大膽島,金馬,大膽島烈嶼雙重奇遇,,24.3847078,118.1700481,,,4.7,金門大膽島，前線軍事島嶼觀光,manual,2026-07-18
JMS841,金門水產試驗所,金馬,鱟生態與海岸落日,,24.4248229,118.3149995,,,4.5,金門水試所，鱟魚生態展示,manual,2026-07-18
JMS842,慈湖落日,金馬,鱟生態與海岸落日,,24.4645634,118.2985306,,,4.6,金門慈湖，鸕鶿歸巢賞鳥勝地,manual,2026-07-18
JMS843,福澳港,金馬,南竿戰地文化,,26.1563246,119.9444207,,,4.3,馬祖福澳港，南竿主要港口,manual,2026-07-18
JMS844,馬祖酒廠,金馬,南竿戰地文化,,26.1534361,119.9306863,,,3.8,馬祖酒廠，老酒與八八坑道窖藏,manual,2026-07-18
JMS845,八八坑道,金馬,南竿戰地文化,,26.1534361,119.9306863,,,4.3,馬祖八八坑道，戰備坑道與酒窖,manual,2026-07-18
JMS846,馬祖故事館,金馬,南竿戰地文化,,26.1534361,119.9306863,,,4.3,馬祖故事館，戰地政務時期歷史,manual,2026-07-18
JMS847,北海坑道（搖櫓）,金馬,南竿戰地文化,,26.1534361,119.9306863,,,4.4,馬祖北海坑道，花崗岩坑道划船,manual,2026-07-18
JMS848,鐵堡,金馬,南竿戰地文化,,26.1420059,119.9208984,,,4.5,馬祖南竿鐵堡，花崗岩海上堡壘,manual,2026-07-18
JMS849,津沙聚落,金馬,南竿戰地文化,,26.1534361,119.9306863,,,4.5,馬祖津沙，百棟石頭屋聚落,manual,2026-07-18
JMS850,福山公園（枕戈待旦）,金馬,南竿戰地文化,,26.1534361,119.9306863,,,4.3,馬祖福山公園，枕戈待旦地標,manual,2026-07-18
JMS851,南北之星快船,金馬,北竿芹壁聚落,,26.2245753,119.9982607,,,3.9,南北之星快船，南北竿海上交通,manual,2026-07-18
JMS852,北竿,金馬,北竿芹壁聚落,,26.2245753,119.9982607,,,4.4,馬祖北竿島，芹壁與塘后沙灘,manual,2026-07-18
JMS853,芹壁聚落,金馬,北竿芹壁聚落,,26.2245753,119.9982607,,,4.6,馬祖芹壁，石頭屋聚落與海景,manual,2026-07-18
JMS854,坂里沙灘,金馬,北竿芹壁聚落,,26.2245753,119.9982607,,,4.3,馬祖坂里沙灘，北坂最美沙灘,manual,2026-07-18
JMS855,塘后道沙灘,金馬,北竿芹壁聚落,,26.2245753,119.9982607,,,4.4,馬祖塘后道沙灘，連島沙洲海灘,manual,2026-07-18
JMS856,北海坑道,金馬,北竿芹壁聚落,,26.2245753,119.9982607,,,4.5,馬祖北海坑道，花崗岩坑道划船,manual,2026-07-18
JMS857,壁山觀景,金馬,北竿芹壁聚落,,26.2245753,119.9982607,,,4.5,馬祖壁山觀景，俯瞰北竿全景,manual,2026-07-18
JMS858,東引,金馬,東引國境之北,,23.69781,120.960515,,,4.8,馬祖東引島，國之北疆與燈塔,manual,2026-07-18
JMS859,中柱港,金馬,東引國境之北,,23.69781,120.960515,,,4.3,東引中柱港，東引主要港口,manual,2026-07-18
JMS860,國之北疆,金馬,東引國境之北,,26.3656992,120.4904831,,,4.7,東引國之北疆，台灣最北端地標,manual,2026-07-18
JMS861,安東坑道,金馬,東引國境之北,,23.69781,120.960515,,,4.6,東引安東坑道，花崗岩軍事坑道,manual,2026-07-18
JMS862,烈女義坑,金馬,東引國境之北,,23.69781,120.960515,,,4.4,東引烈女義坑，海蝕崖傳說景點,manual,2026-07-18
JMS863,東引燈塔,金馬,東引國境之北,,26.3696747,120.4962417,,,4.8,東引燈塔，國定古蹟英式燈塔,manual,2026-07-18
JMS864,東莒,金馬,莒光藍眼淚生態,,25.9604777,119.9723303,,,4.5,馬祖東莒島，燈塔與聚落秘境,manual,2026-07-18
JMS865,東莒燈塔,金馬,莒光藍眼淚生態,,25.9604777,119.9723303,,,4.8,東莒燈塔，台灣第一座花崗岩燈塔,manual,2026-07-18
JMS866,福正聚落,金馬,莒光藍眼淚生態,,25.9604777,119.9723303,,,4.5,東莒福正聚落，石頭屋與沙灘,manual,2026-07-18
JMS867,大埔石刻,金馬,莒光藍眼淚生態,,25.9604777,119.9723303,,,4.3,東莒大埔石刻，明代摩崖碑文,manual,2026-07-18
JMS868,坤坵沙灘,金馬,莒光藍眼淚生態,,25.9604777,119.9723303,,,4.5,西莒坤坵沙灘，方形礫石海灘奇景,manual,2026-07-18
JMS869,介壽獅子市場,金馬,南竿深度文化美食,,26.1554823,119.9513411,,,4.1,南竿介壽市場，馬祖最大傳統市場,manual,2026-07-18
JMS870,阿妹的店鼎邊糊,金馬,南竿深度文化美食,,26.1555536,119.9514061,,,4.4,馬祖阿妹的店，鼎邊糊在地小吃,manual,2026-07-18
JMS871,勝利堡,金馬,南竿深度文化美食,,23.69781,120.960515,,,4.4,馬祖勝利堡，軍事據點改建展示,manual,2026-07-18
JMS872,831軍中茶室,金馬,南竿深度文化美食,,26.1534361,119.9306863,,,4.1,馬祖831軍中茶室，特種行業歷史,manual,2026-07-18
JMS873,刺鳥咖啡書店,金馬,南竿深度文化美食,,26.1679237,119.9516813,,,4.5,馬祖刺鳥咖啡，獨立書店與海景,manual,2026-07-18
JMS874,神農居海鮮鍋,金馬,南竿深度文化美食,,26.1534361,119.9306863,,,4.2,馬祖神農居，海鮮火鍋風味餐,manual,2026-07-18